:020000040800F2
:10000000584F0020ED010008D13F0008D102000840
:10001000CD3F00086D0F0008C54B00080000000030
:10002000000000000000000000000000FF010008C8
:10003000F5160008000000005B020008A149000856
:10004000070200080702000807020008070200086C
:10005000070200080702000807020008070200085C
:10006000070200080702000807020008070200084C
:10007000070200080702000807020008070200083C
:10008000070200080702000807020008070200082C
:10009000070200080702000807020008070200081C
:1000A00007020008A14A000807020008070200082A
:1000B00007020008070200080702000807020008FC
:1000C00007020008070200080702000807020008EC
:1000D0000702000807020008B94B000807020008E1
:1000E00007020008070200080702000800F002F8F3
:1000F00000F06DF80AA090E8000C82448344AAF155
:100100000107DA4501D100F062F8AFF2090EBAE852
:100110000F0013F0010F18BFFB1A43F0010318473B
:1001200060AE000080AE00000A444FF0000C10F8F2
:10013000013B13F0070408BF10F8014B1D1108BF65
:1001400010F8015B641E05D010F8016B641E01F805
:10015000016BF9D113F0080F1EBF10F8014BAD1C55
:100160000C1B09D16D1E58BF01F801CBFAD505E073
:1001700014F8016B01F8016B6D1EF9D59142D6D3CD
:10018000704700000023002400250026103A28BFF5
:1001900078C1FBD8520728BF30C148BF0B607047F9
:1001A000662909F0DD86642900F0F880732900F0E3
:1001B0003885002070471FB500F038FD040000208E
:1001C000002109F0DFFCE0601FBD10B510BD00F09C
:1001D0002DFE1146FFF7EFFF00F09EFE00F04BFEF4
:1001E00003B4FFF7F2FF03BC00F08EFE094880471E
:1001F00009480047FEE7FEE7FEE7FEE7FEE7FEE709
:10020000FEE7FEE7FEE7FEE704480549054A064B20
:10021000704700009D4A0008ED0000085849002082
:10022000584F0020584B0020584B0020EFF310800F
:1002300072B6704780F310887047324A1368012BFA
:1002400004D04FF0010313602F4A10602F4A116051
:100250002F484FF0805101607047EFF3108272B663
:100260002848016891B14FF00001016026480168FB
:1002700029B1EFF3098121E9F00F006801602349FA
:1002800009680968B1E8F00F81F3098882F31088E2
:100290004EF0040E70471D4908601B494FF00000E6
:1002A000086018494FF0010008601A481A49D0F850
:1002B000002041EA0201016015484FF080510160C1
:1002C00016480068006880F3088861B662B6704717
:1002D0001EF0040F0CBFEFF30880EFF3098020E954
:1002E000F00F40F804ED1EF0040F0CBF80F30888F7
:1002F00080F3098800B507F009F85DF804EB4EF0CB
:10030000040E704748480020BC450020C44500202A
:1003100004ED00E020ED00E00000FFFF08ED00E04C
:100320000FB41CB5074B06AA7B446946009005989C
:1003300000F04DFC0020694600F05CFC1CBC5DF840
:1003400014FB0000C908000070B50C460546012AE0
:1003500005D02878800600D5EA69002302E0012351
:1003600005E05B1C934202D2E05C0028F9D1A86949
:10037000E618C01AA861286A184428622846AFF314
:10038000008004E0D5E9012114F8010B9047B44244
:10039000F8D32846AFF3008070BD00002DE9F0418E
:1003A0000646002410687529314616A510D0AFF313
:1003B0000080002802DA404213A507E031688A076E
:1003C00001D512A502E0490704D511A5012401E0D9
:1003D000AFF3008000210A2206F1240709E0B0FBF8
:1003E000F2FCB0FBF2F302FB1C00303078541846EC
:1003F000491C0028F3D123462A463046BDE8F04187
:1004000000F078B9000000002D0000002B00000073
:10041000200000002DE9F0474FF0000A894604460D
:10042000C0F820A02046E1688847002876D025281B
:1004300006D0D4E901219047206A401C2062F1E7F0
:10044000E168204600258847C4F81CA0064600271E
:10045000C4F818A02A2E09D0304609F08BFB38B317
:1004600004EB8708303EC8F8186019E059F8041BFF
:10047000204604EB87029161E1688847012F064618
:1004800018D1E069002820DA25F020051DE0D8F811
:10049000180000EB800006EB40003038C8F8180068
:1004A0002046E1688847064609F064FB0028EED143
:1004B000012F0AD02E2E08D12046E16888477F1CE4
:1004C0000646022F45F02005C4DBA069002803DAA8
:1004D000404245F00105A061E80701D025F0100574
:1004E000B6B1A6F14100192802D8203645F40065BE
:1004F0004A463146204625604D46FFF751FE58B129
:10050000012806D0ED1D25F0070000F1080989E754
:1005100004E005F1040985E730468AE7206ABDE872
:10052000F08710B5431C02E010F8011B71B1810780
:10053000FAD14FF0013202C88C1A8C4314EAC2116E
:10054000F9D0C01A0A0603D0C01E10BDC01A10BDD3
:100550000A0401D0801E10BD0902FCD0401E10BD4F
:1005600040EA010370B59B072ED14FF00136042AF3
:100570002AD308C810C99D1B9D43121F15EAC61532
:1005800017D0D8B2E1B2401A50EA056110D198B242
:10059000A1B2401A50EA05410AD123F07F4024F06D
:1005A0007F41401A50EA052102D1180EA0EB1460D9
:1005B00070BDA342DBD018BA21BA884201D901200C
:1005C00070BD4FF0FF3070BD0AB9002070BD10F84B
:1005D000013B11F8014B63B1A3420AD1521E08D06E
:1005E00010F8013B11F8014B1BB1A34201D1521E7F
:1005F000EDD1181B70BD02F0FF0343EA032242EA6B
:10060000024200F002B84FF000020429C0F012804C
:1006100010F0030C00F01B80CCF1040CBCF1020FB5
:1006200018BF00F8012BA8BF20F8022BA1EB0C018A
:1006300000F00DB85FEAC17C24BF00F8012B00F880
:10064000012B48BF00F8012B70474FF0000200B5A6
:10065000134694469646203922BFA0E80C50A0E8E5
:100660000C50B1F12001BFF4F7AF090728BFA0E893
:100670000C5048BF0CC05DF804EB890028BF40F85F
:10068000042B08BF704748BF20F8022B11F0804FA1
:1006900018BF00F8012B704710B5044610F0030F87
:1006A00008BF11F0030F40F015804FF0013E121FFC
:1006B000C0F20E8051F8043BA3EB0E0C2CEA030CA5
:1006C0001CEACE1C08BF40F8043BF0D0A1F10401A5
:1006D00002F10402521E08DB11F8013B00F8013B55
:1006E000002BF7D11146FFF78EFF204610BD704753
:1006F000704770472DE9F0470D46994692460446EB
:1007000000F124080168880604D5E06921F0100191
:10071000216000E00120A84201DD471B00E0002726
:10072000A1697A1902EB0900081AA0612078C006B5
:1007300002D42046AFF30080002608E0D4E901216E
:100740001AF806009047206A401C761C20624E452D
:10075000F4DB2078C0060AD52046AFF3008006E01F
:10076000D4E9012130209047206A401C2062381EC5
:10077000A7F10107F4DC07E0D4E9012118F805002E
:100780009047206A401C2062281EA5F10105F3DC79
:100790002046AFF300802078000602D50220BDE895
:1007A000F0870120FBE72DE9FF4F0C461E464FF076
:1007B000FF378BB0D2E90001DDF860800A908A46ED
:1007C000C1F30A5505B93D46002108464FF0000027
:1007D000BAF1000F00F4400005DA00EB80004FF49E
:1007E000400101EA50004FEA9059B9F1010F00DDD4
:1007F000B9460A9850EA4A000ED044F61050A5F2C5
:10080000FF3545432F14B8F1000F1ED07542291E45
:100810001EDDC9F100021CE0B8F1010F4FF000002D
:1008200001D0302103E0F24305E02154401CB042E6
:10083000FBDB30460022002121540B99C1F80880CF
:10084000C1E900200FB0BDE8F08FBD1B6D1CDEE7D5
:100850004A4600DA694206A800F072FA06AB93E84D
:10086000070003AB83E8070050460A9908F0A5FD8E
:100870008DE80700A0F500501F3800900398002D68
:100880000ADD42F21F014A460844002303A90390EF
:10089000684609F00FF809E0A0F500504A461F38F5
:1008A000002303A90390684609F019F88DE80700B2
:1008B0000004000C03D04FF0FF30410800E0104668
:1008C000B8F1000F03D00022009215461EE0751EFD
:1008D00005D400F0AFF9303262556D1EF9D5B3463C
:1008E0000122084302D000227F1C04E02078302837
:1008F00001D100227F1E002A099784D01DE0112D0E
:1009000007DA00F097F9303262556D1C50EA0102A7
:10091000F5D1084302D00098C8B10EE00021681E4E
:1009200005E0235C625C63542254401E491C8142F2
:10093000F7DBAB46A81B401E0990002004F80B0013
:100940000B98099AC0F80880C0E9002B7AE71126B5
:100950004FF0000857E72DE9F04F88460446D21DB6
:1009600022F0070191B0D1E90001CDE90A0109F0B7
:10097000EDF802460B98C00F01D02D2007E020684B
:10098000810701D52B2002E0202101EAC000032AC3
:10099000099001D0072A05DB03464146204600F0B6
:1009A0008FF90BE12078800601D5E06900E0062090
:1009B000B8F1650F814606D0B8F1660F18D0B8F1CE
:1009C000670F70D131E00020B9F1110F009001DB09
:1009D000112301E009F101030AAA01A90CA8FFF7FC
:1009E000E2FEDDE90C70002609F10105834647E0CF
:1009F00001204B4600904FF000470AAA01A90CA81D
:100A0000FFF7D1FEDDE90DB00C995D46002610B967
:100A100009F101000D18B9EB050003D4C0F1FF3650
:100A200009F10105A5EB09002BE0B9F1010F01DA8D
:100A30004FF001090020B9F1110F0090484601DD87
:100A4000112300E003460AAA01A90CA8FFF7ABFE98
:100A5000DDE90C704D4600268346207800070AD455
:100A6000AB4500DA5D4601A8012D04DD411911F8FE
:100A7000011C302907D04F4502DA17F1040F04DAC0
:100A8000012082460FE06D1EEEE7002F02DCED1B19
:100A90003E4403E0781CA84200DD7D1CB81B00F139
:100AA000010A4FF000472078000703D4AA4501DB74
:100AB0004FF0FF3A0021B7F1004F0DF143088DF8D8
:100AC000431024D002202B23002F01DA7F422D2354
:100AD0000A21021EA0F1010000DC5FB197FBF1FCCE
:100AE00097FBF1F201FB1C7C17460CF1300C08F867
:100AF00001CDEEE7A8F1010003702188090501D5B9
:100B0000452100E06521A0F1010800F8011C0998C9
:100B10000FA9A1EB0807FF1D00B10120411901EB4E
:100B2000EA70A1693844081A401EA0612078C00606
:100B300002D42046AFF30080099828B1D4E90121FE
:100B40009047206A401C20622078C00622D52046AB
:100B5000AFF300801EE0002E04DBB34502DD01A8E8
:100B6000805D00E03020D4E901219047206A401CDC
:100B70002062761CAAF101005FEA000A0AD100F0A7
:100B800055F8C0680168405CD4E901219047206AAB
:100B9000401C2062281EA5F10105DCDC07E0D4E939
:100BA000012118F8010B9047206A401C2062381E72
:100BB000A7F10107F3DC2046AFF30080032011B05A
:100BC00041E6000001694A1C02610878704700B5DF
:100BD0008FB0CDE901310021059105497944CDE976
:100BE000031011466846FFF715FC0FB000BD00006A
:100BF000E5FFFFFF0A6802F8010B0A60704710B5B5
:100C0000436913B1AFF3008001E0FFF79DFB0120C2
:100C100010BD127800F124010A7000224A700122EE
:100C2000EDE711684FF0FF32E9E700000048704738
:100C30009805002030B5B0F10A0271F100034FEAC7
:100C4000900E4EEA817EB0EB0E0061EB91014FEA0F
:100C5000101E4EEA017E10EB0E0041EB11114FEA1F
:100C6000102E4EEA016E10EB0E0041EB11214FEAFF
:100C7000104E4EEA014E10EB0E0041EB11414018B0
:100C800041F100014FEAD00040EA41704FEAD10142
:100C90004FEA810444EA907410EB800544EB0104B0
:100CA0006D1944EB0404521BA3414FF0000348BFED
:100CB0000A3200D530BD401C41F1000130BD0000BA
:100CC0002DE9F0411F46044603260168072A01F476
:100CD000006004DB08B116A505E016A503E008B125
:100CE00015A500E015A521F010002060A069C01E28
:100CF000A0610FB1401EA0612046AFF300804FB14C
:100D0000D4E9012138469047206A401C2062C01C6B
:100D1000206206E0206AFAE7D4E9012115F8010B08
:100D20009047761EF8D22046AFF30080BDE8F081F0
:100D30004E414E006E616E00494E4600696E66007F
:100D40002DE9F047814616468AB0354878440DC8EB
:100D50008DE80D0032487844801C03AC0DC884E84F
:100D60000D0041F69B300844372190FBF1F290FBD7
:100D7000F1F5A5F1800501FB12041B3C02D564428C
:100D8000012000E00020DFF898A080460027FA4408
:100D9000AAF1BE0A0EE0E0070AD03246684607EB29
:100DA000470101230AEB810108F099FD8DE8070056
:100DB00064107F1C002CEED1194F7F44AE3F19E028
:100DC000E80715D007EB04100DF1180A90E80E00A3
:100DD0008AE80E00C068F04201D1981908903246A6
:100DE000012306A903A808F07AFD03AB83E80700F6
:100DF0006D10641C002DE3D14FF0010332466946AB
:100E0000B8F1000F03A802D008F054FD01E008F08B
:100E100066FDC9E90001C9F808200AB0BDE8F087FD
:100E20009092000000487047780500207546FFF753
:100E3000F9FFAE4605006946534620F00700854697
:100E400018B020B5FFF7E0F9BDE820404FF00006EC
:100E50004FF000074FF000084FF0000BAC46ACE835
:100E6000C009ACE8C009ACE8C009ACE8C00921F091
:100E700007018D46704710B50446AFF30080204649
:100E8000BDE81040FFF7ACB94FF0013C50F8042B1F
:100E900051F8043B9A4221D1A2EB0C03934313EA8D
:100EA000CC1317D150F8042B51F8043B9A4215D1BA
:100EB000A2EB0C03934313EACC130BD150F8042B91
:100EC00051F8043B9A4209D1A2EB0C03934313EA75
:100ED000CC13DBD04FF00000704700BFD01A01BA2E
:100EE000B1FA81F101F0180122FA01F0CB40DBB236
:100EF000C0B2C01AC1F120012CFA01F3D11A9143FA
:100F000011EAC311E6D1704701491820ABBEFEE7D4
:100F1000260002007047000080B582B0FFF786F916
:100F200006F090F907F034F807F0F8F907F048F9FF
:100F30000A2000904AF6B63046F2CD214FF0140C4C
:100F4000C0F60000C0F6000100224FF48063CDF827
:100F500004C007F0EDF907F07FFB07F0E7F907F0B1
:100F60009DFA07F0C3F9002002B080BDFEE7000043
:100F70002DE9F04F85B053A006F018FC40F60004B0
:100F8000C4F201044FF000084FF480594FF0010AF9
:100F90004FF0020B01A92046CDF80C80CDF804904B
:100FA000CDF808A0CDF810B000F08EFE4AF6D95565
:100FB000C0F60005284606F0F9FB4AF69B56C0F637
:100FC0000006304606F0F2FB20464FF48051002226
:100FD00000F08AFF40F2EE2003F0E2FF20464FF4DB
:100FE0008051012200F080FF4AF66F57C0F60007DB
:100FF000384606F0DBFB0F2003F0D2FF00F032F999
:10100000CC2000F05FFA442000F05CFA40F2EE20C1
:1010100003F0C6FF01A92046CDE9019ACDE9038B73
:1010200000F052FE284606F0C1FB304606F0BEFB3B
:1010300020464FF48051002200F056FF40F2EE208F
:1010400003F0AEFF20464FF48051012200F04CFF28
:10105000384606F0ABFB0F2003F0A2FF00F002F9C8
:10106000CC2000F02FFABE2000F02CFA00F09CF902
:10107000044600F099F944EA002000B2B0F1FF3FC5
:1010800008DD08F0C6FD0023C3F6E473002208F073
:10109000D7FD08E0404208F0BCFD0023C3F6B07362
:1010A000002208F0CDFD08F083FD044608F0C6FEDE
:1010B00002460DA00B4606F079FB204605B0BDE8C0
:1010C000F08F00BF5374617274696E672074656D30
:1010D000706572617475726520636F6E7665727388
:1010E000696F6E2E2E2E0A0054656D7065726174E4
:1010F00075726520726561643A20252E3266C2B031
:10110000430A00002DE9F04186B04FF0000841F29B
:101110001800CDF81080C4F20200016841F004010B
:101120000160006800F00400019001982BA006F017
:101130003DFB40F60004C4F201044FF48056012741
:10114000022502A9204602960397059500F0BCFDF2
:1011500020464FF48051012200F0C6FE25A006F083
:1011600025FB02A880E8C00102A92046059500F0F1
:10117000ABFD4AF6D950C0F6000006F017FB4AF660
:101180009B50C0F6000006F011FB20464FF4805142
:10119000002200F0A9FE40F2EE2003F001FF2046FD
:1011A0004FF48051012200F09FFE4AF66F50C0F6C6
:1011B000000006F0FBFA0F2003F0F2FE00F052F8F8
:1011C00020A117A2002808BF1146084606F0EEFA33
:1011D00000F048F806B0BDE8F08100BF4750494F25
:1011E0004120636C6F636B20656E61626C65642E79
:1011F0000A00000044533138423230204750494FF2
:1012000020696E697469616C697A656420616E64D5
:101210002073657420746F20686967682E0A000067
:101220004453313842323020696E697469616C69A7
:101230007A6564207375636365737366756C6C7926
:101240002E0A00004453313842323020696E6974EE
:1012500069616C697A6174696F6E206661696C6539
:10126000642E0A00B0B584B040F6000400204FF4AC
:101270008051C4F201040390CDE9001001200290D6
:101280006946204600F020FD4AF6BD50C0F6000039
:1012900006F08CFA24A006F089FA20464FF480511B
:1012A00000F01CFEC0B100200546012003F078FECE
:1012B00020464FF4805100F011FE18B1632D05F166
:1012C0000100F1D3622D07D9012421A006F06EFAA6
:1012D000204604B0B0BD00BF20464FF4805100F05E
:1012E000FDFDC8B9002000BF0546012003F058FEEF
:1012F00020464FF4805100F0F1FD18B9EF2D05F1B3
:101300000100F1D3EE2D07D9012419A006F04EFA01
:10131000204604B0B0BD00BF00241CA006F046FA71
:10132000204604B0B0BD00BF57616974696E672084
:10133000666F7220445331384232302070726573C8
:10134000656E63652070756C73652E2E2E0A000025
:101350004E6F2070726573656E63652070756C7377
:10136000652064657465637465642E0A000000007E
:1013700050726573656E63652070756C736520745B
:101380006F6F206C6F6E672E0A00000050726573DD
:10139000656E63652070756C736520726563656941
:1013A0007665642E0A0000002DE9F04F85B040F606
:1013B00000042FA0C4F2010406F0F8F900274FF44E
:1013C00080584FF0010901AD4FF0000B4FF0000ABB
:1013D00002200490204629460397CDE9018900F0B8
:1013E00073FC4AF6D950C0F6000006F0DFF920463B
:1013F0004FF48051002200F077FD22A006F0D6F9CC
:101400000A2003F0CDFD20462946CDE90187CDE92C
:10141000039700F059FC4AF6BD50C0F6000006F0F4
:10142000C5F90A2003F0BCFD20464FF4805100F0BE
:1014300055FD0138B0FA80F04609322003F0B0FDC6
:1014400017A0314606F0B2F906FA0BF00BF1010BCA
:10145000BBF1080F4AEA000ABAD15FFA8AF414A075
:10146000214606F0A3F9204605B0BDE8F08F00BF85
:1014700052656164696E6720627974652E2E2E0A4A
:101480000000000053656E64696E67206269742015
:1014900072656164207369676E616C2E2E2E0A007E
:1014A00052656164206269743A2025640A00000074
:1014B0005265616420627974653A20307825303253
:1014C000580A00002DE9F04784B007464FFA80FA29
:1014D000002002904FF480500090012040F600045C
:1014E00001900220C4F2010403906946204600F0F6
:1014F000EBFB4AF6D950C0F6000006F057F977A08A
:10150000394606F053F920464FF48051002207F087
:10151000010500F0E9FC002D4FF008004FF03A05FE
:101520004FF0080908BF46204FF03A0808BF0225CF
:1015300003F036FD20464FF48051012200F0D4FC28
:10154000284603F02DFD17F002004FF008054FF07C
:101550003A0620464FF480514FF0000208BF46255E
:1015600008BF022600F0C0FC284603F019FD204603
:101570004FF48051012200F0B7FC304603F010FD1B
:1015800017F004004FF008054FF03A0620464FF4DC
:1015900080514FF0000208BF462508BF022600F028
:1015A000A3FC284603F0FCFC20464FF480510122A6
:1015B00000F09AFC304603F0F3FC17F008004FF0FF
:1015C00008054FF03A0620464FF480514FF00002D4
:1015D00008BF462508BF022600F086FC284603F017
:1015E000DFFC20464FF48051012200F07DFC3046A4
:1015F00003F0D6FC17F010004FF008054FF03A0644
:1016000020464FF480514FF0000208BF462508BF26
:10161000022600F069FC284603F0C2FC20464FF485
:101620008051012200F060FC304603F0B9FC17F055
:1016300020004FF008054FF03A0620464FF4805145
:101640004FF0000208BF462508BF022600F04CFC00
:10165000284603F0A5FC20464FF48051012200F0FB
:1016600043FC304603F09CFC17F040004FF00805A7
:101670004FF03A0620464FF480514FF0000208BF69
:10168000462508BF022600F02FFC284603F088FC00
:1016900020464FF48051012200F026FC304603F032
:1016A0007FFC20464FF480510022BAF1FF3FC4BFB7
:1016B0004FF002084FF0460900F016FC484603F0D0
:1016C0006FFC20464FF48051012200F00DFC404693
:1016D00003F066FC04B0BDE8F08700BF5772697480
:1016E000696E6720627974653A2030782530325807
:1016F0000A00000070470000EFF3108072B600BFD0
:10170000FEE700002DE9F0438DB040F6B004C2F2D0
:1017100000040F46054627A120469846914607F04B
:101720001BFE4FF4FA6006F029FF25A1204607F0C2
:1017300013FE4FF4FA6006F021FF0DF1020624A11A
:1017400030462A463B46FEF7EBFD2046314607F081
:1017500003FE41F2883006F011FF23A130464A46CD
:101760004346FEF7DDFD2046314607F0F5FD4FF418
:10177000FA6006F003FF23A1204607F0EDFD4FF4C9
:10178000FA6006F0FBFE23A1204607F0E5FD4FF4CA
:10179000FA6006F0F3FE40F2E460C2F200000121BC
:1017A0002268016050681FA006F000F80DB0BDE887
:1017B000F08300BF41542B5253540D0A0000000027
:1017C00041542B43574D4F44453D310D0A00000015
:1017D00041542B43574A41503D222573222C222548
:1017E00073220D0A0000000041542B43495053540A
:1017F0004152543D22544350222C222573222C2541
:10180000640D0A0041542B4349504D4F44453D312E
:101810000D0A000041542B43495053454E440D0AD4
:1018200000000000E5889DE5A78BE58C96E5AE8C71
:10183000E688900A0000000010B581B000220092F6
:1018400090F82420012A03D10221084601B010BDDE
:101850004B680122062B80F8242015D8026803EB80
:101860008303A3F1050E1F23D2F834C003FA0EF44C
:101870000B682CEA040C03FA0EF444EA0C045463DB
:10188000092B17D937E000BF02680C2B20D803EBD7
:101890008303A3F123041F23D2F830C003FA04FE0C
:1018A0000B682CEA0E0C03FA04F444EA0C041463EB
:1018B000092B20D8D2F810C003EB43030724896812
:1018C0009C402CEA0404994021431161002136E038
:1018D00003EB8303A3F141041F23D2F82CC003FAC6
:1018E00004FE0B682CEA0E0C03FA04F444EA0C0420
:1018F000D462092BDED903EB4304D2F80CC0A4F167
:101900001E0E0724896804FA0EF42CEA040401FA76
:101910000EF1214323F00104102CD1600ED142F2CC
:101920000841C4F20101A1F10804A2420ED0816A6B
:1019300041F020018162012101E000BF002100226D
:1019400080F82420084601B010BD00BF0A681202CA
:1019500030D40A68102B42F400020A602CD140F205
:101960006441C2F2000109684DF68362C4F21B3281
:10197000A1FB0212910C01EB810149000091009939
:10198000E1B10099013900910099C9B1009901397B
:1019900000910099B1B1009901390091009999B174
:1019A000009901390091009900294FF00001E8D118
:1019B000C5E700BF0021C2E70021C0E70021BEE764
:1019C0000021BCE70021BAE70021B8E7B0B5002844
:1019D00000F0A8800446806A20B121688868C007AA
:1019E0000BD114E00020E06284F82400204600F0CF
:1019F0009BF821688868C00709D0886820F001003A
:101A0000886000F077FA21688A68D20726D1A06A38
:101A1000C0063AD4A06A41F2021290430230A0629A
:101A2000E069D4E9013240EA030C531EB3FA83F3B0
:101A30005D091346B2F5807F18BF2B02207D257B00
:101A400001284CEA450030D135B3A56A45F02005A0
:101A5000A562E56A45F00105E56226E0054602E07B
:101A60008868C007D3D000F045FA401B21680328DE
:101A7000F6D38868C007F3D0A06A40F01000A062D7
:101A8000E06A40F00100E062A06AA06A40F0100045
:101A9000A0620120B0BD00BFD4F818C04EF600050A
:101AA000CFF6FF7505EB4C352B434D68B2F5807FC3
:101AB00025F4694543EA05034B608B684FF2FD75D9
:101AC000CFF6E17503EA050343EA00038B6001D01A
:101AD000012A07D122690023CFF6F07303EB0252EB
:101AE00001E000BF0022CB6A23F470031A43CA62EC
:101AF000896840F6FE62CFF61F721140814207D11D
:101B00000020E062A16A012262F30101A162B0BD7E
:101B1000A06A40F0100020F00200A062E06A40F0ED
:101B20000100E0620120B0BD80B586B0006842F6D9
:101B30000001C4F2010188424FF00001CDE9041117
:101B4000CDE902111ED042F20041C4F201018842E7
:101B500039D141F21800C4F20200016841F4007169
:101B60000160016801F4007101910199016841F07F
:101B700004010160006800F0040001900198012058
:101B800017E000BF41F21800C4F20200016841F4FE
:101B900080610160016801F480610191019901682F
:101BA00041F004010160006800F004000190019818
:101BB000022002900320039040F60000C4F20100CE
:101BC00002A900F081F806B080BD0000014690F83F
:101BD0002100022816D10868D1E90FC3026822F05B
:101BE0000E020260026822F001020260012000FA87
:101BF00003F2CCF8042081F821000020002281F8B3
:101C000020207047042088630120002281F82020D2
:101C10007047000080B590F82110022924D1026895
:101C2000116821F00E0111602F211368C4F2020126
:101C30008A4240F20401C4F2020123F0010313605E
:101C400016DD3023C4F202039A421DD04423C4F2AD
:101C500002039A421CD05823C4F202039A421DD1B7
:101C60004FF4803322E000BF04218163012080BD56
:101C70000823C4F202039A420ED01C23C4F20203CA
:101C80009A420BD1102311E04FF480730EE000BF95
:101C90004FF480530AE000BF012307E001F1680C14
:101CA0004FF08073624508BF4FF480130B60012131
:101CB00080F82110426B002180F820100AB1904773
:101CC0000021084680BD00002DE9F04F82B041F2AE
:101CD0000042C4F201020E680423904208BF0323AD
:101CE000002E009300F0F68040F2004C4FF6FF7E8D
:101CF0000022C4F2010C0124C1F2100E4FF0000AC0
:101D00004FF0000947E000BF012502F00C040F2747
:101D1000A7402BEA070705FA04F43C4343F82640A2
:101D2000D1F804B040F20C455FEACB23DCF8083070
:101D300054BF23EA080343EA0803C4F20105CCF8C0
:101D400008302B685FEA8B2454BF23EA080343EA78
:101D500008032B605FEA8B34DCF8043054BF23EABD
:101D6000080343EA08035FEACB34CCF80430DCF81C
:101D700000304FF0010454BF23EA080343EA08038C
:101D8000CCF800300E680AF1010A36FA0AF302F1C3
:101D9000040200F09F8004FA0AF816EA080FF1D056
:101DA0004B68734512DC122B56D8DFE803F0350B75
:101DB0004549555555555555555555555555554DF7
:101DC000510000BFD1F80C9046E000BF4FF6FF7500
:101DD000C1F22105AB420FDC0025C1F21105AB4277
:101DE0001AD00025C1F21205AB4215D00025C1F270
:101DF0002105AB4210D02FE00025C1F22205AB42F5
:101E00000AD00025C1F23105AB4205D00025C1F250
:101E10003205AB4220D100BF8B684BB1012B14BF00
:101E2000C0F81480C0F810804FF0080914E000BF1B
:101E30004FF0040910E000BFCB6803F108090BE084
:101E40004FF0000908E000BFCB6803F1040903E08C
:101E5000CB6803F10C0900BF13460546BAF1080F21
:101E600024BF203B04352E680F279F40BE4309FA4C
:101E700003F333432B60CB79DB067FF583AF41F26D
:101E80001804C4F2020423684FEA9A0643F00103DF
:101E90002360236840F6000403F001030193019BD3
:101EA000ACF57E7353F826B0C4F20104A0420FD003
:101EB00040F60044C4F20104A0423FF425AF41F2D1
:101EC0000004C4F20104009DA04208BF02251CE7E3
:101ED00000251AE702B0BDE8F08F000080680840D6
:101EE00018BF012070470000002A08BF09040161E3
:101EF0007047000044F65010C2F2000000687047BE
:101F000070B5B8B3044690F83D0028B9002084F8B5
:101F10003C00204600F05CF9242084F83D00206855
:101F2000016821F001010160016841F40041016094
:101F3000016821F40041016000F0F2FB48F28041A9
:101F4000C0F21E0140F60013D4F804E088424FF0BE
:101F50000001C0F23D0348F2A16C4FF0000238BF0F
:101F600001219842C0F2010C38BF0122E64538BF7A
:101F70000A460AB1012070BD4DF68361C4F21B31DF
:101F8000A0FB01122168950C4B684FF4967623F064
:101F90003F0343EA9243754344F6D3564B60C1F284
:101FA00062060B6AA5FB0656B50923F03F03E6451A
:101FB00038BF950C6A1C1A430A62CA6948F2A066C7
:101FC0004CF6FF73C0F20106B64522EA03020BD8B5
:101FD00001384FEA4E03B0FBF3F001306FF31F30CE
:101FE000042898BF04201EE0A368013863B11923B8
:101FF0000EFB03F3B0FBF3F001306FF31F3078B149
:1020000000F5804008E000BF0EEB4E03B0FBF3F09C
:1020100001306FF31F3028B100F5004003E000BF2E
:10202000012000E001201043C8610868D4E90723BB
:1020300020F0C000104318430860886848F2FF325F
:1020400004F10C0690434CCE18431043A5698860F8
:10205000C86820F0FF0030432843C860086840F09B
:102060000100086000202021206484F83D102063D6
:1020700084F83E0070BD00002DE9F04383B099461E
:1020800016460F460446FFF735FF94F83D10202909
:1020900020D10546206800BF8169890716D5FFF762
:1020A00029FF411B20681A29F6D381698907F3D5D6
:1020B00000202021206384F83D1084F83E00216C2C
:1020C00041F02001216484F83C0003E094F83C10C6
:1020D000012903D1022003B0BDE8F083012284F876
:1020E0003C200368DDE90B180A9ADB0703D103687B
:1020F00043F001030360036823F4006303602120BD
:1021000084F83D00402084F83E0000202064626294
:102110006185608D394620850020CFF6FF70E06232
:10212000204632464B46CDF80080019501F0B8FBC1
:1021300020B1012003B0BDE8F08300BF208D98B925
:10214000204641462A4601F00FFC88B3206C042843
:10215000EFD12068016841F400710160012003B0F3
:10216000BDE8F0830004EBD0204641462A4601F04A
:10217000B5FD0028EAD1616A2268084610F8013BE3
:102180001361238D6062581E2085678D013F67852E
:1021900057697F07E6D50704E4D048781061881CAA
:1021A0006062981E2085618D01396185DAE700BF84
:1021B0002068016841F400710160202084F83D002E
:1021C000002084F83E0084F83C0003B0BDE8F083B2
:1021D00010B586B045F200410068C4F2000100224B
:1021E0008842049202D006B010BD00BF41F218042C
:1021F000C4F20204206840F008002060206800F06B
:10220000080001900198C020029012200390032042
:10221000059001F5384002A9FFF756FD606840F4CB
:1022200000106060606800F400100190019806B032
:1022300010BD000040F2000044F65011C2F2000050
:10224000C2F2000100780A6810440860704700007C
:1022500080B542F20000C4F20200016841F01001B2
:102260000160032000F0BEF80F2000F005F800F038
:102270005BF8002080BD0000B0B586B041F21801C7
:10228000C4F202010A68044642F400620A60096866
:1022900001A801F4006101910199694600F018FA62
:1022A00000F052FA4DF68361C4F21B31A0FB01012C
:1022B0004FF0FF3000EB914140F6200042F6004223
:1022C000C2F20000C4F2010240F2E7330025C0E987
:1022D0000021C0E902530561856100F03DFC05461F
:1022E00010B1284606B0B0BD40F62000C2F2000092
:1022F00000F0B2FC05460028F3D1192000F036F8B2
:102300000F2C0DD8192021460022002500F03EF8A0
:1023100040F20400C2F200000460284606B0B0BDDE
:102320000125284606B0B0BD82B041F21800C4F2C3
:1023300002000168022241F001010160016801F020
:10234000010101910199416841F08051416040686B
:1023500000F08050009000980420C4F20100016851
:1023600062F31A61016002B070470000002848BFA4
:10237000704700F01F01012202FA01F14EF2001233
:102380004009CEF2000242F82010704710B54EF618
:102390000C5CCEF2000CDCF80030C3F3022E8EF0A1
:1023A0000704042C28BF0424BEF103034FF0FF3EB2
:1023B0000EFA04F438BF0023A14399400EFA03F348
:1023C0009A43114300F00F02043A624409010C32AF
:1023D00000F16043B0F1FF3FC8BF03F564421170E4
:1023E00010BD00004EF60C51CEF200010A684FF607
:1023F000FF031A4060F30A2242F0806040F0FD7053
:10240000086070472DE9F04182B00446007841F23F
:102410001C06C007C4F202064AD0306810F080588B
:1024200008D1306840F080503060306800F0805053
:102430000190019847F20007C4F200073868C00510
:1024400012D4386840F480703860FFF753FD0546B9
:102450003868C00508D4FFF74DFD401B6428F7D944
:10246000032002B0BDE8F081706810F4407012D013
:10247000616801F4407188420DD0706840F24042BA
:10248000C4F24222012320F4407113600023C007EC
:10249000136071602AD17068616820F4407008434D
:1024A000B8F1000F706003D1306820F080503060C8
:1024B0002068810707D556F8181CA26821F440410E
:1024C000114346F8181CC00604D4002002B0BDE831
:1024D000F08100BF56F8180CE16820F48000084332
:1024E00046F8180C002002B0BDE8F081FFF702FDAD
:1024F000054641F2883700BF70688007CBD4FFF7EC
:10250000F9FC401BB8424FF00300F5D9EBE700009F
:102510002DE9F04381B0002800F0858042F20008E8
:10252000C4F202080446D8F800000D4600F0070087
:1025300088420CD2D8F8000020F007002843C8F8E1
:102540000000D8F8000000F00700A8426BD1206816
:1025500041F204098107C4F2020917D5410705D5E4
:10256000D9F8001041F4E061C9F80010010705D561
:10257000D9F8001041F46051C9F80010D9F80010E2
:10258000A26821F0F0011143C9F80010C00741D141
:10259000D8F8000000F00700A8420CD9D8F80000D5
:1025A00020F007002843C8F80000D8F8000000F029
:1025B0000700A84237D12068410707D5D9F8001095
:1025C000E26821F4E0611143C9F80010000708D562
:1025D000D9F80000216920F4605040EAC100C9F830
:1025E0000000D9F8002002F00C00082841F2002079
:1025F000C0F27A0050D14AF62A13C2F38341C0F6E2
:102600000003595CD2033BD440F60010C0F23D00F9
:10261000484341E0606802280AD001282AD159F8CD
:10262000041C890308D4012001B0BDE8F08300BF79
:1026300059F8041C8901F6D5D9F8001021F00301DE
:102640000843C9F80000FFF755FC064641F28837F9
:10265000D9F80000616800F00C00B0EB810F97D052
:10266000FFF748FC801BB842F2D9032001B0BDE857
:10267000F08300BF59F8041C8907D4D5DCE700BFFC
:10268000D9F800204AF62803C2F34042C0F60003FE
:102690009A5C4843B0FBF2F0D9F8001049F6F872A2
:1026A000C1F30311C0F60002515C40F2644220FA0B
:1026B00001F140F20400C2F200000068C2F2000220
:1026C0001160FFF7D9FD002001B0BDE8F0830000E4
:1026D0000F22026041F20402C4F20202136803F006
:1026E00003034360136803F0F0038360136803F48B
:1026F000E063C36012684FF4E06303EAD202026150
:1027000042F20000C4F20200006800F00700086016
:102710007047000040F26440C2F200000068704759
:1027200040F2644041F20401C2F20000C4F202012E
:10273000006809684AF20802C1F30221C0F60002EB
:10274000515CC8407047000040F2644041F204010F
:10275000C2F20000C4F20201006809684AF20802ED
:10276000C1F3C221C0F60002515CC84070470000AE
:102770002DE9F04182B0002868D00446007841F28B
:102780000006C007C4F2020625D0706800F00C00F5
:1027900004281BD0706800F00C00082802D1706873
:1027A000C00313D46068002800F06881B0F5A02F42
:1027B00000F07C81B0F5803F00F07C81306820F42F
:1027C00080303060306820F4802076E1306880030B
:1027D00001D56068D0B32078800718D5706810F0F4
:1027E0000C0F07D0706800F00C0008286ED17068DC
:1027F000C0036BD43068800702D52069012825D139
:102800003068616920F0F80040EAC100306020784B
:1028100000071FD42078400732D4E56995B170686D
:1028200000F00C00082840F08F80012D0ED0706859
:10283000216A00F480328A4208D1616A00F4701083
:10284000884203D1002002B0BDE8F081012002B02F
:10285000BDE8F081A069002862D00020C4F24220C7
:102860000121C0F88014FFF745FB0546706A800718
:1028700000F18C80FFF73EFB401B0228F6D92AE1CD
:10288000F06910F0805808D1F06940F08050F06194
:10289000F06900F080500090009847F20007C4F201
:1028A00000073868C00529D4386840F48070386063
:1028B000FFF720FB054600BF3868C0051ED4FFF7B0
:1028C00019FB401B6428F7D905E100BF20690028E7
:1028D00040F20000C4F2422000F082800121016039
:1028E000FFF708FB054600BF306880073FF588AF5B
:1028F000FFF700FB401B0228F6D9ECE0E068002857
:1029000000F08080052800F09780012800F0988072
:10291000306A20F001003062306A20F0040092E05A
:102920000020C4F242200021C0F88014FFF7E2FA30
:10293000054600BF706A80077FF56CAFFFF7DAFAD3
:10294000401B0228F6D9C6E00027C4F24227002027
:102950003866FFF7CFFA022D05460BD130688001AB
:1029600040F1BE80FFF7C6FA401B02284FF003007B
:10297000F4D968E7306880017FF564AFFFF7BAFAF1
:10298000401B02284FF00300F4D95CE740F264409A
:10299000C2F20000006844F6D351C1F26201A0FB0C
:1029A0000101480A019000BF00BF0198411E0028A4
:1029B00001913FF42FAF00BF0198411E0028019103
:1029C0003FF428AF00BF0198411E002801913FF459
:1029D00021AF00BF0198411E00280191E4D119E701
:1029E00000210160FFF786FA054600BF30688007C6
:1029F0007FF50DAFFFF77EFA401B02284FF0030072
:102A0000F4D920E7306A20F001003062306A20F00B
:102A100004003062FFF76EFA054641F2883700BFC6
:102A2000306A800720D5FFF765FA401BB8424FF0A7
:102A30000300F5D907E700BF306A40F004003062B8
:102A4000306A40F001003062FFF754FA054641F267
:102A5000883700BF306A800706D4FFF74BFA401B67
:102A6000B842F7D937E000BFB8F1000F7FF4D5AE18
:102A7000F06920F08050F061CFE600BF306820F4AC
:102A800080303060306820F480203060FFF732FA08
:102A9000054600BF306880037FF59DAEFFF72AFA38
:102AA000401B64284FF00300F4D9CCE6306840F4B2
:102AB00080203060306840F480303060FFF71AFAD0
:102AC000054600BF306880033FF585AEFFF712FA78
:102AD000401B6428F6D9032002B0BDE8F08100BF96
:102AE000206AB0F5803F05D17168A26821F40031F9
:102AF000114371607168626A21F4741110430843D4
:102B0000706001203866FFF7F5F9044630688001EF
:102B10003FF598AEFFF7EEF9001B02284FF00300D7
:102B2000F4D990E6411E0020B0EB116F1CBF0120CC
:102B300070474EF21002CEF2000251604EF6235161
:102B4000CEF20001F0230B700721906011607047F6
:102B50007047000070470000002804BF0120704744
:102B600010B5044690F83D0028B9002084F83C00D8
:102B7000204600F06FF8022084F83D00206840F203
:102B8000FF730268C4F2000342F6004C9842C4F29C
:102B9000010C15DCB0F1804F1AD040F20041C4F2B4
:102BA0000001884214D0984218DCB0F1804F1DD04B
:102BB00040F20041C4F20001884217D01AE000BF81
:102BC000604505D040F60001C4F200018842EAD118
:102BD000A16822F070020A439842E6DD604505D004
:102BE00040F60001C4F20001884203D1216922F4B9
:102BF00040720A43A36922F08001D4F804E0E2683D
:102C0000194360450160C262C0F828E002D16169E1
:102C1000CCF83010012141610269D20703D002696A
:102C200022F001020261002084F8461084F83E1070
:102C300084F83F1084F8401084F8411084F8421062
:102C400084F8431084F8441084F8451084F83D104B
:102C500010BD00007047000090F83D1001291CBF16
:102C600001207047022180F83D10006840F2FF7299
:102C7000C168C4F20002904241F00101C16009DC68
:102C8000B0F1804F12D040F20041C4F200018842FE
:102C90000CD012E042F60041C4F20101884205D096
:102CA00040F60001C4F20001884206D1816801F0BB
:102CB0000701062904BF00207047016841F00101A7
:102CC00001600020704700007047000070B50446A6
:102CD0000068C5680669B10716D515F0020113D062
:102CE0006FF002010161012121778069800703D023
:102CF0002046FFF7E9FF05E0204600F08FF8204668
:102D000000F08EF800202077700719D515F0040028
:102D100016D020686FF004010161022121778069DB
:102D200010F4407F04D02046FFF7CEFF06E000BF3E
:102D3000204600F073F8204600F072F8002020775B
:102D4000300717D515F0080014D020686FF008017F
:102D5000016104212177C069800703D02046FFF775
:102D6000B3FF05E0204600F059F8204600F058F87F
:102D700000202077F00619D515F0100016D0206835
:102D80006FF01001016108212177C06910F4407FC4
:102D900004D02046FFF798FF06E000BF204600F071
:102DA0003DF8204600F03CF800202077F00718BFDF
:102DB00015F0010002D1300609D412E020686FF04E
:102DC00001010161204600F02DF8300609D515F00B
:102DD000800006D020686FF0800101612046FFF777
:102DE000B7FE700609D515F0400006D020686FF0D8
:102DF00040010161204600F01FF8B00658BF70BDC9
:102E000015F0200008D021686FF0200220460A61EA
:102E1000BDE87040FFF79EBE70BD00007047000027
:102E200070470000006842F60041C4F20101884288
:102E300008BFFFF7FFB970477047000070470000F8
:102E400070470000B0B582B0044600680168C368EE
:102E5000426901F02F05202D03F0200506D12DB188
:102E6000204602B0BDE8B04001F026BE5FEA017C1A
:102E70001EBF02F0010E03F4907212EB0E0255D148
:102E8000226B012A05D111F0100218BF13F01002B5
:102E900036D10A0622D513F080021FD094F84110D3
:102EA000212941D1A168B1F5805F03D121690029B1
:102EB00000F07282216A4A1C226209784160E18C2A
:102EC00001390A04E1842FD1C16821F08001C16079
:102ED000C16841F04001C16002B0B0BD490623D5D0
:102EE00013F0400120D0C16821F04001C1602021D1
:102EF000204684F8411002B0BDE8B04000F0CEBCDE
:102F00000021019101680191416801910199416994
:102F1000490600F18F80A18DE28DE38D002B1CBF4F
:102F2000891A5FEA01420CD102B0B0BDCA0718BFCE
:102F300013F4807240F038814A0700F13B8140E190
:102F4000206850E8030F226820F4907042E80303E1
:102F5000DBB1206850E8030F226820F4907042E84B
:102F6000030393B1206850E8030F226820F49070A7
:102F700042E803034BB1206850E8030F226820F4B5
:102F8000907042E80303002BDAD1206850E8050F67
:102F9000226820F0010042E80503DBB1206850E818
:102FA000050F226820F0010042E8050393B1206874
:102FB00050E8050F226820F0010042E805034BB1FC
:102FC000206850E8050F226820F0010042E8050360
:102FD000002BDAD1202084F84200002020632068F2
:102FE00050E8030F226820F0100042E80303DBB131
:102FF000206850E8030F226820F0100042E8030325
:1030000093B1206850E8030F226820F0100042E8D6
:1030100003034BB1206850E8030F226820F0100032
:1030200042E80303002BDAD1022289B22046626310
:10303000B4E000BFE16B0A68526893B2002B3FF422
:1030400073AFA58DAB42BFF46FAFE28589692029CC
:1030500000F09D8050E8030F216820F4807041E863
:103060000302EAB1206850E8030F216820F4807061
:1030700041E80302A2B1206850E8030F216820F460
:10308000807041E803025AB1206850E8030F2168BC
:1030900020F4807041E8030212B12068DAE700BF33
:1030A000206850E8050F216820F0010041E8050282
:1030B000DAB1206850E8050F216820F0010041E8EE
:1030C000050292B1206850E8050F216820F0010048
:1030D00041E805024AB1206850E8050F216820F058
:1030E000010041E80502002ADAD1206850E8050F06
:1030F000216820F0400041E80502DAB1206850E87C
:10310000050F216820F0400041E8050292B12068D7
:1031100050E8050F216820F0400041E805024AB15F
:10312000206850E8050F216820F0400041E80502C2
:10313000002ADAD1202084F8420000202063206891
:1031400050E8030F216820F0100041E80302DAB1D3
:10315000206850E8030F216820F0100041E80302C6
:1031600092B1206850E8030F216820F0100041E878
:1031700003024AB1206850E8030F216820F01000D4
:1031800041E80302002ADAD1E06BFEF71FFD0220BE
:103190006063A08DE18D401A81B2204602B0BDE887
:1031A000B040FFF74BBE00BF626C42F001026264A8
:1031B0004A0706D5BEF1000F03D0626C42F002024E
:1031C00062648A0706D5BEF1000F03D0626C42F03C
:1031D00004026264BCF1000F06D555EA0E0203D06A
:1031E000626C42F008026264626C002A3FF49CAE9A
:1031F00011F0200118BF002D03D0204601F05CFC27
:1032000020684169626C01F0400102F008028918EF
:1032100000F0A28050E8030F216820F4907041E88C
:103220000302C2B3206850E8030F216820F49070B5
:1032300041E803027AB3206850E8030F216820F4C4
:10324000907041E8030232B3206850E8030F216810
:1032500020F4907041E80302EAB12068DAE700BF89
:10326000206850E8050F216820F0010041E80502C0
:10327000DAB1206850E8050F216820F0010041E82C
:10328000050292B1206850E8050F216820F0010086
:1032900041E805024AB1206850E8050F216820F096
:1032A000010041E80502002ADAD1206B012824D16F
:1032B000206850E8030F216820F0100041E8030265
:1032C000DAB1206850E8030F216820F0100041E8CF
:1032D000030292B1206850E8030F216820F010002B
:1032E00041E803024AB1206850E8030F216820F04A
:1032F000100041E80302002ADAD1202084F84200BD
:10330000002020632068416949063FD550E8050F39
:10331000216820F0400041E805022AB3206850E807
:10332000050F216820F0400041E80502E2B1206865
:1033300050E8050F216820F0400041E805029AB1ED
:10334000206850E8050F216820F0400041E80502A0
:1033500052B12068DAE700BF2046FFF771FD002078
:10336000606402B0B0BD00BFE06B78B144F6AD213F
:10337000C0F600014163FEF74DFC00283FF4D4ADD8
:10338000E06B416B02B0BDE8B0400847204602B098
:10339000BDE8B040FFF754BD216A31F8022B6FF34E
:1033A0005F22426021628AE5002804BF0120704745
:1033B00010B5044690F8410028B9002084F8400078
:1033C000204600F061F8242084F841002068D4E908
:1033D0000212C36823F40053C360036923F440530B
:1033E0001A430261D4E904231143C268194341F22C
:1033F0000C639A431143C1604169A26921F4407191
:10340000114343F60002C4F201029042416103D02D
:10341000FFF786F902E000BFFFF796F9626819210D
:1034200048439100B0FBF1F048F21F51C5F2EB1197
:10343000A0FB01235A096FF0630302FB0300322350
:1034400003EB0010A0FB0101F02303EA51132068F5
:1034500003EB0212C1F3431111448160016921F4AD
:1034600090410161416921F02A014161C16841F443
:103470000051C16000202021606484F8411084F86C
:103480004210606310BD000070B586B0006844F261
:103490000041C4F20001002688420596CDE903668A
:1034A00002963FD044F60001C4F20001884271D078
:1034B00043F60001C4F20101884240F09D8041F2D0
:1034C0001800C4F20200016840F6000441F4804193
:1034D00001600168C4F2010401F480410191019985
:1034E000016802AD41F0040101600068294600F066
:1034F0000400019001984FF40070029002200390A4
:10350000032005902046FEF7DFFB4FF48060029019
:103510000020CDE9030020462946FEF7D5FB06B082
:1035200070BD00BF41F21800C4F20200416840F6CD
:10353000000441F4003141604168C4F2010401F427
:10354000003101910199016802AD41F0040101606F
:103550000068294600F004000190019804200290C0
:1035600002200390032005902046FEF7ADFB0820C3
:10357000CDE90206204629460496FEF7A5FB262043
:1035800000210022FEF702FF2620FEF7EFFE06B024
:1035900070BD00BF41F21800C4F20200416802ADE4
:1035A00041F480214160416801F480210191019939
:1035B000016841F0080101600068294600F0080038
:1035C000019001984FF48060029002200390032044
:1035D000059040F60000C4F2010000F5806420462A
:1035E000FEF772FB4FF4006002900020CDE903006B
:1035F00020462946FEF768FB06B070BD90F84230C1
:10360000202B1CBF0220704700294FF0010318BF78
:10361000002A01D1184670470023036381622221EA
:103620008285C285436480F842100169006819B13F
:10363000C16841F48071C1604169002341F001011A
:103640004161C16841F02001C16018467047000027
:1036500040F6B001C2F20001884218BF704770B551
:1036600040F2E065C2F20005286844F64C140328D5
:1036700004BF00202860C2F200042068F92808DB9B
:1036800044F65000C2F20000FA21FCF7BCFF002013
:10369000206040F2D856C2F2000631780A2907D1DC
:1036A00044F6500122A0C2F2000104F07FF8206825
:1036B000411C0DD02A68022A0ED0012A14D10328F9
:1036C0001ADC32783044216080F8242022E000BFE8
:1036D000002020601EE000BFB26A904214DA327807
:1036E000F36A21601A5415E03278216044F65001E3
:1036F000C2F200010A540DE04AF62E30C0F6000076
:1037000004F054F806E000BF4AF63E30C0F6000070
:1037100004F04CF840F6B00040F2D851C2F200007C
:10372000C2F200010122BDE87040FFF767BF00BF91
:10373000257300002DE9F041044690F8410020284F
:103740001CBF0220BDE8F0810F4600294FF00100A8
:1037500000F082801646002A08BFBDE8F0814FF0D5
:10376000000821201D46C4F8448084F84100FEF77B
:10377000C1FBA684E684A1680646B1F5805F05D149
:103780002069002814BF3846B8460746E08CC8B107
:10379000681C19D0002D61D1216807E017F8010BD2
:1037A0004860E08C0138E084E08C68B3086800066B
:1037B0004CD5002FF2D138F8020B00276FF35F20B1
:1037C000EEE700BF21681FE0216802E008680006FC
:1037D00009D40868000606D4086800065CBF0868BB
:1037E0005FEA0060F2D51FB117F8010B05E000BFDA
:1037F00038F8020B00276FF35F204860E08C013837
:10380000E084E08C0028E4D1086840061CD4EDB1C7
:10381000681C0FD10868400616D40868400613D407
:103820000868400610D4086840064FF00000F1D543
:103830000FE000BFFEF75EFB801BA84208D820689F
:10384000C16800684006F5D5002002E0FEF752FB93
:103850000320202184F84110BDE8F081216800BFD9
:103860000868000608D4FEF745FB801BA842EFD885
:103870002168C868F4E700BF17B117F8010B04E02E
:1038800038F8020B00276FF35F204860E08C0138A6
:10389000E084E08C0028E3D1B6E700007047000028
:1038A0002DE9F04383B0044600680D4601680A9F85
:1038B0000B9E41F4807199469046016020464FF07E
:1038C000011100223B46009600F0AEF850B120688E
:1038D0000068C00544BF4FF400702064032003B0AB
:1038E000BDE8F083206805F0FE0101610221C0F20D
:1038F000010120463A46334600F080F920B101200C
:1039000003B0BDE8F08300BF00200290206832467B
:10391000416902918069394602900298204600F080
:10392000DDF958B1206C0428E9D12068016841F420
:1039300000710160012003B0BDE8F083B9F1010F0F
:103940000AD020684FEA18210161204639463246E4
:1039500000F0C4F90028E5D120685FFA88F1016120
:10396000002003B0BDE8F08370B50368044653F847
:10397000140F400711D40E46481C29D086BB00BF47
:103980001868400527D4FEF7B5FA236853F8140FDA
:10399000400739D518684007F2D5002070BD00BF38
:1039A00018684007F9D41868400514D4186840070F
:1039B000F3D4186840050ED418684007EDD4186891
:1039C000400508D4186840074FF0000048BF70BD9C
:1039D00018684005E4D56FF480601860042014E096
:1039E000154603E053F8140F4007D6D41868400575
:1039F000F1D4FEF77FFA401B2368B042F2D9586930
:103A00004007EFD4202000E0202000212022216365
:103A100084F83D2084F83E10226C1043206401207D
:103A200084F83C1070BD00002DE9F04105460068A7
:103A30001E46144601F47F0201338FB242D0DDF8F6
:103A40001880B2F5803F40F0878040693840C01B45
:103A5000B0FA80F04009A04240F0C8804EB924E09E
:103A600040693840C01BB0FA80F04009A04240F0E5
:103A7000BD80FEF73FFAA0EB08012868B142EFD9FC
:103A800041693940C91BB1FA81F14909A142E7D125
:103A90009BE000BF40693840C01BB0FA80F040098D
:103AA000A0424FF0000040F0A680FEF723FA2868FD
:103AB00041693940C91BB1FA81F14909A142E9D1F3
:103AC00083E000BFB2F5803F24D100BF4169394097
:103AD000C91BB1FA81F14909A14240F087804169CF
:103AE0003940C91BB1FA81F14909A14240F07E80F9
:103AF00041693940C91BB1FA81F14909A14275D127
:103B000041693940C91BB1FA81F14909A142DDD0AF
:103B10006CE000BF81693940C91BB1FA81F14909E4
:103B2000A14263D181693940C91BB1FA81F14909C8
:103B3000A1425BD181693940C91BB1FA81F14909C0
:103B4000A14253D181693940C91BB1FA81F14909B8
:103B5000A142DFD04AE000BF80693840C01BB0FA04
:103B600080F04009A04241D146B923E08069384045
:103B7000C01BB0FA80F04009A0423BD1FEF7BAF971
:103B8000A0EB08012868B142F0D981693940C91B0E
:103B9000B1FA81F14909A142E8D116E080693840C3
:103BA000C01BB0FA80F04009A0424FF0000018BFDF
:103BB000BDE8F081FEF79EF9286881693940C91B8C
:103BC000B1FA81F14909A142E8D1002020212863FE
:103BD00085F83D1085F83E00296C41F020012964EC
:103BE00085F83C000120BDE8F08100BF0020BDE861
:103BF000F08100BF0020BDE8F0810000F0B581B089
:103C0000044600681D4643698FB203EA0701B942C2
:103C100002D1002001B0F0BD41691646013201F425
:103C2000806125D0002940D1CEB100BFFEF762F9F6
:103C3000411B2068B14203D941693940B9424BD197
:103C400041693940B942E4D041694905EED52CE0DB
:103C500041693940B942DCD04169490525D4FEF7B4
:103C600049F9206841693940B942F1D0202024E067
:103C7000D9B941693940B942CBD04169490514D419
:103C800041693940B942C4D0416949050DD44169FF
:103C90003940B942BDD04169490506D4416939402E
:103CA000B942B6D041694905E3D5016841F40071D4
:103CB00001606FF4806141610420002120222163B2
:103CC00084F83D2084F83E10226C1043206484F870
:103CD0003C10012001B0F0BD2020EEE770B5036874
:103CE000044653F8140F000611D40E46481C29D080
:103CF00086BB00BF1868400527D4FEF7FBF8236891
:103D000053F8140F000639D518680006F2D50020C4
:103D100070BD00BF18680006F9D41868400514D4B7
:103D200018680006F3D4186840050ED41868000619
:103D3000EDD41868400508D4186800064FF000005C
:103D400048BF70BD18684005E4D56FF48060186006
:103D5000042014E0154603E053F8140F0006D6D4EF
:103D600018684005F1D4FEF7C5F8401B2368B0423F
:103D7000F2D958690006EFD4202000E0202000216D
:103D80002022216384F83D2084F83E10226C1043E9
:103D90002064012084F83C1070BD0000B0B584B0F0
:103DA00040F26C7042F20041C2F20000C4F2010124
:103DB000002401254FF4602205730475C261C0E937
:103DC000001484600561FDF701FE002818BFFDF7AF
:103DD00093FC40F26C70C2F2000001A9CDE90145EC
:103DE0000394FDF729FD002818BFFDF785FC04B0FA
:103DF000B0BD0000B0B584B040F29C7042F6000146
:103E0000C2F20000C4F20101002401254FF4602237
:103E100005730475C261C0E9001484600561FDF793
:103E2000D5FD002818BFFDF767FC40F29C70C2F278
:103E3000000001A9CDE901550394FDF7FDFC002820
:103E400018BFFDF759FC04B0B0BD0000F0B585B057
:103E5000002641F218000496C4F20200016840F600
:103E6000000441F0200101600168C4F2010401F086
:103E70002001009100990168002241F004010160D5
:103E800001684FF4815701F0040100910099016825
:103E900041F00801016000684FF4815100F0080012
:103EA000009000982046FEF71FF8102001ADCDE9E4
:103EB0000106204629460396FDF706FF0120CDE9BD
:103EC000020602200490204629460197FDF7FCFED9
:103ED00005B0F0BD80B540F2CC7045F20041C2F2B1
:103EE0000000C4F2000148F2A06200234FF4804CAD
:103EF000C0F2010280E80E00C0E9033CC0E90533CE
:103F0000C0E90733FDF7FCFF002808BF80BDBDE80E
:103F10008040FDF7F1BB000080B540F6680043F635
:103F20000001C2F20000C4F2010100234FF00C0CAA
:103F30004FF4E13280E80E00C0E90333C0E905C365
:103F4000C361FFF731FA002808BF80BDBDE880409B
:103F5000FDF7D2BB80B540F6B00044F20041C2F29A
:103F60000000C4F2000100234FF00C0C4FF4E132CA
:103F700080E80E00C0E90333C0E905C3C361FFF761
:103F800013FA002808BF80BDBDE88040FDF7B4BB30
:103F900080B540F6F80044F60001C2F20000C4F219
:103FA000000100234FF00C0C4FF4E13280E80E00CA
:103FB000C0E90333C0E905C3C361FFF7F5F9002881
:103FC00008BF80BDBDE88040FDF796BBFEE700005E
:103FD000FEE700002DE9F04F85B040F2CC740025DB
:103FE0004FF480760127C2F200040DF1120B0DF19F
:103FF00013084FF0000900BF09F1B0008DF8100060
:1040000004A8CDE90007204678210022012302966A
:10401000FEF732F80DF11100CDE9000720467821B6
:10402000002201238DF811500296FEF725F810208A
:104030008DF812002046782100220123CDE900B737
:104040000296FEF719F84FF0000A00BF20467821CB
:10405000402201238DF81350CDE900870296FEF728
:104060000BF80AF101004FFA80FABAF1FF3FEDDCDC
:10407000B9F1070F09F10109BED305B0BDE8F08F12
:1040800080B5C82004F07AFABDE8804000F09CBDFD
:104090002DE9F04F85B00746A1F1500040F2CC74F5
:1040A0008DF80C00012503A8C2F2000416468846CC
:1040B0004FF48079CDE900052046782100220123C4
:1040C000CDF80890FDF7D8FF380900F1100A0DF17E
:1040D0000D00CDE9000520467821002201238DF84E
:1040E0000DA0CDF80890FDF7C7FF0DF10E0007F009
:1040F0000F0BCDE9000520467821002201238DF821
:104100000EB0CDF80890FDF7B7FF40F22300C2F2E1
:104110000000B101415C00EB86168DF80F100DF127
:104120000F072046782140220123CDE90075CDF804
:104130000890FDF7A1FF707878218DF80F002046D8
:1041400040220123CDE90075CDF80890FDF794FFDA
:10415000B07878218DF80F00204640220123CDE968
:104160000075CDF80890FDF787FFF07878218DF87D
:104170000F00204640220123CDE90075CDF80890BC
:10418000FDF77AFF307978218DF80F002046402224
:104190000123CDE90075CDF80890FDF76DFF70792A
:1041A00078218DF80F00204640220123CDE90075CB
:1041B000CDF80890FDF760FFB07978218DF80F00F9
:1041C000204640220123CDE90075CDF80890FDF787
:1041D00053FFF07978218DF80F002046402201230B
:1041E000CDE90075CDF80890FDF746FF307A7821CB
:1041F0008DF80F00204640220123CDE90075CDF84F
:104200000890FDF739FF707A78218DF80F0020466D
:1042100040220123CDE90075CDF80890FDF72CFF71
:10422000B07A78218DF80F00204640220123CDE995
:104230000075CDF80890FDF71FFFF07A78218DF812
:104240000F00204640220123CDE90075CDF80890EB
:10425000FDF712FF307B78218DF80F0020464022B9
:104260000123CDE90075CDF80890FDF705FF707BBF
:1042700078218DF80F00204640220123CDE90075FA
:10428000CDF80890FDF7F8FEB07B78218DF80F008F
:10429000204640220123CDE90075CDF80890FDF7B6
:1042A000EBFEF07B78218DF80F00204640220123A1
:1042B000CDE90075CDF80890FDF7DEFEA8F14F00BE
:1042C0008DF8100004A8CDE90005204678210022D1
:1042D0000123CDF80890FDF7CFFE0DF11100CDE9D7
:1042E000000520467821002201238DF811A0CDF889
:1042F0000890FDF7C1FE0DF11200CDE90005204642
:104300007821002201238DF812B0CDF80890FDF736
:10431000B3FE96F820000DF113078DF81300204628
:10432000782140220123CDE90075CDF80890FDF7F2
:10433000A3FE96F8210078218DF813002046402234
:104340000123CDE90075CDF80890FDF795FE96F8AC
:10435000220078218DF81300204640220123CDE968
:104360000075CDF80890FDF787FE96F823007821B8
:104370008DF81300204640220123CDE90075CDF8C9
:104380000890FDF779FE96F8240078218DF8130047
:10439000204640220123CDE90075CDF80890FDF7B5
:1043A0006BFE96F8250078218DF8130020464022F8
:1043B0000123CDE90075CDF80890FDF75DFE96F874
:1043C000260078218DF81300204640220123CDE9F4
:1043D0000075CDF80890FDF74FFE96F8270078217C
:1043E0008DF81300204640220123CDE90075CDF859
:1043F0000890FDF741FE96F8280078218DF813000B
:10440000204640220123CDE90075CDF80890FDF744
:1044100033FE96F8290078218DF8130020464022BB
:104420000123CDE90075CDF80890FDF725FE96F83B
:104430002A0078218DF81300204640220123CDE97F
:104440000075CDF80890FDF717FE96F82B0078213F
:104450008DF81300204640220123CDE90075CDF8E8
:104460000890FDF709FE96F82C0078218DF81300CE
:10447000204640220123CDE90075CDF80890FDF7D4
:10448000FBFD96F82D0078218DF813002046402280
:104490000123CDE90075CDF80890FDF7EDFD96F804
:1044A0002E0078218DF81300204640220123CDE90B
:1044B0000075CDF80890FDF7DFFD96F82F00782104
:1044C0008DF81300204640220123CDE90075CDF878
:1044D0000890FDF7D1FD05B0BDE8F08F2DE9F04F54
:1044E00089B0064640B20D460028A2F1200744BF1D
:1044F00002350026102BA5F1500040F03F8140F21C
:10450000CC748DF818004FF0010906A8C2F200041F
:104510004FF48078CDE9000920467821002201235C
:10452000CDF80880FDF7A8FD3009103005908DF812
:1045300019000DF11900CDE900092046782100226B
:104540000123CDF80880FDF797FD06F00F000490D9
:104550008DF81A000DF11A00CDE9000920467821E6
:1045600000220123CDF80880FDF786FDF8B24AF25B
:1045700038220101C0F60002515C02EB00168DF8F2
:104580001B100DF11B072046782140220123CDE9A5
:104590000079CDF80880FDF76FFD7078317996F8D5
:1045A00002A096F803B003918DF81B0020467821F5
:1045B00040220123CDE90079CDF80880FDF75CFDAC
:1045C00020467821402201238DF81BA0CDE90079F7
:1045D000CDF80880FDF750FD2046782140220123C8
:1045E0008DF81BB0CDE90079CDF80880FDF744FDCA
:1045F000039878218DF81B00204640220123CDE945
:104600000079CDF80880FDF737FD707978218DF8B5
:104610001B00204640220123CDE90079CDF8088017
:10462000FDF72AFDB07978218DF81B002046402245
:104630000123CDE90079CDF80880FDF71DFDF07963
:1046400078218DF81B00204640220123CDE9007916
:10465000CDF80880FDF710FDA5F14F008DF81C0086
:1046600007A8CDE900092046782100220123CDF8D2
:104670000880FDF701FD059878218DF81D000DF1EA
:104680001D00CDE90009204600220123CDF8088055
:10469000FDF7F2FC049878218DF81E000DF11E0044
:1046A000CDE90009204600220123CDF80880FDF75E
:1046B000E3FC307A0DF11F058DF81F0020467821AC
:1046C00040220123CDE90059CDF80880FDF7D4FC44
:1046D000707A78218DF81F00204640220123CDE911
:1046E0000059CDF80880FDF7C7FCB07A78218DF825
:1046F0001F00204640220123CDE90059CDF8088053
:10470000FDF7BAFCF07A78218DF81F002046402290
:104710000123CDE90059CDF80880FDF7ADFC307BD1
:1047200078218DF81F00204640220123CDE9005951
:10473000CDF80880FDF7A0FC707B78218DF81F0074
:10474000204640220123CDE90059CDF80880FDF72D
:1047500093FCB07B78218DF81F0020464022012376
:10476000CDE90059CDF80880FDF786FCF07BCDE956
:1047700000598DF81F00204689E000BF40F2CC7B35
:104780008DF820004FF0010A08A8C2F2000B4FF488
:104790008078CDE9000A5846782100220123CDF81F
:1047A0000880FDF769FC300910308DF821000DF10B
:1047B0002100CDE9000A5846782100220123CDF8D6
:1047C0000880FDF759FC06F00F008DF822000DF16E
:1047D0002200CDE9000A5846782100220123CDF8B5
:1047E0000880FDF749FCF8B24AF2100100EB4000E6
:1047F000C0F6000111F8102001EB40058DF82320D0
:104800000DF123065846782140220123CDE9006AA4
:10481000CDF80880FDF730FC6878AF78EC7895F833
:1048200004908DF823005846782140220123CDE9D9
:10483000006ACDF80880FDF71FFC58467821402219
:1048400001238DF82370CDE9006ACDF80880FDF7CB
:1048500013FC58467821402201238DF82340CDE9EE
:10486000006ACDF80880FDF707FC58467821402201
:1048700001238DF82390CDE9006ACDF80880FDF77B
:10488000FBFB6879CDE9006A8DF823005846782152
:1048900040220123CDF80880FDF7EEFB09B0BDE80A
:1048A000F08F000010B540F26844C2F20004207896
:1048B00021790022FFF7ECFB207A217B0122FFF710
:1048C000E7FB207C217D0222FFF7E2FB207E217F97
:1048D0000322FFF7DDFB94F8200094F82410042253
:1048E000FFF7D6FB94F8280094F82C100522FFF768
:1048F000CFFB94F8700094F874100622FFF7C8FB01
:1049000094F8780094F87C100722FFF7C1FB94F824
:10491000800094F884100822FFF7BAFB94F888000E
:1049200094F88C100922FFF7B3FB94F8900094F8E8
:1049300094102E221023FFF7D1FD94F8980094F8DC
:104940009C102E221023FFF7C9FD94F8A00094F8C4
:10495000A4102E221023BDE81040FFF7BFBD0000B9
:104960002DE9F04115461278002A08BFBDE8F08114
:1049700098460E4607460024F8B2F1B2D2B243463A
:10498000FFF7ACFD0837F8B201347828E0B288BFF1
:1049900002362A5C88BF0027002AEDD1BDE8F081ED
:1049A00080B502F0E7FE03F00DFFBDE8804002F0A5
:1049B000EFBE0000B0B594B00AAC201D2421FBF777
:1049C00044FE02200A9001200E90102000250F9036
:1049D00020460495CDE902551195FDF7C9FE28B191
:1049E000EFF3108072B600BFFEE700BF0F20CDE9E5
:1049F000050505A80021CDE907550995FDF788FDB6
:104A000020B1EFF3108072B6FEE700BF02200190E4
:104A10000020039001A8FDF7F5FC28B1EFF310800A
:104A200072B600BFFEE700BF14B0B0BD41F2040093
:104A3000C4F20200016801F00C01082941F20021D2
:104A4000C0F27A0119D102680368C2F38342DB0322
:104A500002F1020206D440F60011C0F23D015143BA
:104A60000BE000BF03689B0302D4514305E000BF85
:104A700040F60011C0F23D01514340F26442C2F2DF
:104A800000021160006849F6F873C0F30310C0F625
:104A90000003185C21FA00F01060704770470000B6
:104AA00040F62000C2F20000FEF710B9406A002173
:104AB000C185C184FEF7C4B981B090F842102229A3
:104AC00020D18368B3F5805F08D10169002965D0E2
:104AD00000F128010A6803685B680AE0014651F8A2
:104AE000282F13B90369002BF5D003685B6803F026
:104AF0007F0313700A6801320A60C18D01390A040C
:104B0000C18501D001B070470168CA6822F0200257
:104B1000CA60CA6822F48072CA604A6922F001023F
:104B20004A61202280F8422000224263036B012B5D
:104B30003ED1026351E8031F026821F0100142E8F0
:104B400003130168DBB151E8031F026821F0100173
:104B500042E80313016893B151E8031F026821F092
:104B6000100142E8031301684BB151E8031F0268CA
:104B700021F0100142E803130168002BDAD10A6822
:104B8000D20606D5002200920A6800924968009178
:104B90000099818D01B0FEF751B900BF0168826AAA
:104BA00049686FF35F2122F8021B8262A5E700BF0C
:104BB00001B0FEF74DBD000040F6B000C2F20000AB
:104BC000FEF740B9FEE70000F0B583B040F2CC74C8
:104BD00040F20807C2F200044FF480750126C2F2C9
:104BE00000072046782100220123CDE900760295B6
:104BF000FDF742FA781CCDE9000620467821002214
:104C000001230295FDF738FAB81CCDE900062046CD
:104C10007821002201230295FDF72EFAF81CCDE938
:104C2000000620467821002201230295FDF724FA90
:104C3000381DCDE900062046782100220123029587
:104C4000FDF71AFA781DCDE90006204678210022EA
:104C500001230295FDF710FAB81DCDE900062046A4
:104C60007821002201230295FDF706FAF81DCDE90F
:104C7000000620467821002201230295FDF7FCF969
:104C800007F10800CDE90006204678210022012323
:104C90000295FDF7F1F907F10900CDE9000620467C
:104CA0007821002201230295FDF7E6F907F10A00B9
:104CB000CDE9000620467821002201230295FDF768
:104CC000DBF907F10B00CDE9000620467821002230
:104CD00001230295FDF7D0F907F10C00CDE900069C
:104CE00020467821002201230295FDF7C5F907F13E
:104CF0000D00CDE90006204678210022012302950F
:104D0000FDF7BAF907F10E00CDE90006204678213B
:104D1000002201230295FDF7AFF907F10F00CDE95D
:104D2000000620467821002201230295FDF7A4F910
:104D300007F11000CDE9000620467821002201236A
:104D40000295FDF799F907F11100CDE9000620461B
:104D50007821002201230295FDF78EF907F1120058
:104D6000CDE9000620467821002201230295FDF7B7
:104D700083F907F11300CDE90006204678210022CF
:104D800001230295FDF778F907F11400CDE900063B
:104D900020467821002201230295FDF76DF907F1E5
:104DA0001500CDE900062046782100220123029556
:104DB000FDF762F907F11600CDE9000620467821DB
:104DC000002201230295FDF757F907F11700CDE9FD
:104DD000000620467821002201230295FDF74CF9B8
:104DE00007F11800CDE900062046782100220123B2
:104DF0000295FDF741F907F11900CDE900062046BB
:104E00007821002201230295FDF736F907F11A00F7
:104E1000CDE9000620467821002201230295FDF706
:104E20002BF903B0F0BD0000002804BF002070473C
:104E3000C1B209B101200CE010F47F4102D0090A8F
:104E4000092006E010F47F0107BF010E1920090CAC
:104E500011204AF62A02C0F60002515C084470474D
:104E600080B500F037FC002080BD000080B500F068
:104E70009DFD002080BD00002DE9F04FA3B02BA0C8
:104E80002DA130A242F2B823FCF73CFC40F2E460D2
:104E9000C2F200000068002844D000BF40F2D8569B
:104EA000C2F20006D6E90107D6E9035804F0C6FFAE
:104EB000CDE90810384604F0C1FF834628468946EC
:104EC00004F0BCFF054640468A4604F0B7FF04469E
:104ED00070690E4604F0B2FFCDE904460AACDDE984
:104EE00008320F46069020461AA1CDE900B9CDE957
:104EF000025A0797FBF714FA1EA0214602F056FC4F
:104F00002046002100F04EF81EA002F04FFC4FF4A6
:104F1000FA6003F033FB40F2E460C2F20000006884
:104F20000028BBD123B0BDE8F08F00BF417370797A
:104F30005261696E000000005B46726F6D6D6574B2
:104F40006F555D003139322E3136382E37302E31E3
:104F500039310000646174613A252E31662C252EAA
:104F600031662C252E31662C252E31662C252E31CE
:104F7000660A0000E58F91E93F81E695B0E68D3F36
:104F800025730A00E6ADA3E59CA8E8BF90E8A18CD4
:104F90003A77696669E9809AE4BFA10A00000000D7
:104FA000FDF7B8BB10B5012904460DD12046FBF72B
:104FB000B8FA48B1204410F8010C0A2804D0204661
:104FC000FBF7AFFA0A21215209A002F0EFFB40F6ED
:104FD000B000C2F20000214604F0BEF94FF47A702E
:104FE00003F0CCFA06A0BDE8104002F0DFBB00BF22
:104FF000E58F91E98081E695B0E68DAE0A0000006C
:10500000E58F91E98081E5AE8CE688900A0000008A
:1050100070B582B040F280664AF6D8604AF6807178
:10502000C2F20006C0F60000C0F60001C6E90001A9
:105030000120782101F0E6FF706128B30A201521D4
:10504000CDE9001045F2C10113A0C0F60001002215
:105050004FF48063002403F06BF97269054610A1D8
:1050600010460022002302F0DBFE706990F8211048
:1050700041F0020180F821101DB1284603F0ECFA3E
:105080000024204602B070BD07A002F08FFB4FF055
:10509000FF34204602B070BD747368656C6C00000C
:1050A00073687278000000006E6F206D656D6F721E
:1050B0007920666F72207368656C6C0A00000000CE
:1050C00040F2806AC2F2000ADAF8140040F2E864A2
:1050D00090F82110C2F2000441F0010280F8212072
:1050E000880703D40020207026E000BFDAF81010F3
:1050F00041B140F2E860C2F200008022FBF7CCFA36
:105100001AE000BF01F010FC30B10020207147F21E
:105110006D30C2F2680009E046F67300C0F220006C
:10512000C4F8030046F66610C7F26E3020602046D1
:10513000FBF7F7F93E212152204602F037FB4AF6F1
:10514000BA664FF0010B4FF00008C0F600060227C8
:1051500002E000BF80F820B002F094F88146DAF84F
:105160001400B9F11B0FF5D090F82010022909D0D6
:10517000012940F07580B9F15B0F40F06F8080F835
:105180002070E9E7A9F14101022980F82080E3D3EA
:10519000B9F1440F00F29280DFE819F04600970061
:1051A000970097009700970097009700A000E000F5
:1051B0007000970097007000970097009700970085
:1051C0009700970097009700970097009700970027
:1051D0009700970097009700970097009700970017
:1051E0009700970097009700970097009700970007
:1051F00097009700970097009700970097009700F7
:1052000097009700970097009700970097009700E6
:1052100097009700970097009700970097009700D6
:1052200097004800840100BF96E700BFB0F87410F3
:10523000B0F872209142BFF48FAF084490F822106A
:105240004AF6BC60C0F6000002F0B0FADAF81400CA
:10525000B0F874100131A0F874107DE780F8208058
:10526000B9F10D0F2AD8DFE809F0073030303030BF
:1052700030303979093030096EE700BF01F054FB56
:10528000012812D1DAF8140090F82110C90707D0CC
:105290004AF6B440C0F6000002F088FADAF81400CA
:1052A000B0F87210223001F0EDF8DAF8140090F83E
:1052B0002100800778D484F800801DE1B9F17F0FC8
:1052C0000CD0B9F1FF0F3FF447AFB0F87220502A6D
:1052D00074D30022A0F87220A4E000BFB0F87410CC
:1052E00000293FF439AFB0F872200139531E9AB249
:1052F000A0F872308BB29A42A0F8741040F2B480D9
:10530000C11801F122002331D21A02F04BFBDAF866
:105310001400B0F87210084480F82280DAF8140003
:10532000B0F87410084400F1220189A002F03EFA9E
:10533000DAF81410B1F87400B1F8721088423FF630
:105340000BAF451E304602F031FADAF81400013591
:10535000B0F872008542F5D3FEE600BFB0F87410D5
:1053600051B10025304602F021FADAF81400013577
:10537000B0F874108D42F5D300F122054AF6B4401E
:10538000C0F6000002F012FA01F0CEFA012802D1B4
:10539000284600F0B5FFDAF8140090F821008007E5
:1053A0006ED484F80080C1E0DAF8101000296FD0C4
:1053B00020468022FBF770F99EE000BFB0F8743001
:1053C0009A422FD9C11801F123002231D21A02F0DA
:1053D000E9FADAF81400B0F87410084480F8229062
:1053E000DAF8140090F82110C90709D0B0F8741049
:1053F000084400F122015AA002F0D8F9DAF81400AA
:10540000B0F87450B0F872108D421DD2304602F0E0
:10541000CDF9DAF814000135B0F872108D42F5D3E9
:1054200012E000BF104480F82290DAF8140090F8DF
:105430002110C90708D04AF6BC60C0F600004946F2
:1054400002F0B4F9DAF81400B0F87210B0F8742071
:105450000131A0F8721089B201325029A0F87420ED
:1054600028BFC0F8728077E638A002F09FF9DAF81A
:105470001400B0F87210084480F822806CE600BF77
:10548000DAF81010F1B120468022FBF705F94DE063
:1054900001F04AFA00B347F26D3084F80480C2F29A
:1054A000680023E0B0F8740000283FF455AE3046A1
:1054B00002F07CF9DAF81400B0F874100139A0F8A1
:1054C000741049E601F030FA00B347F26D3084F809
:1054D0000480C2F2680023E046F67300C0F22000A8
:1054E000C4F8030046F66610C7F26E30206020460E
:1054F000FBF717F83E212152204602F057F9DAF85F
:10550000140054212230FBF77EF825E646F673009E
:10551000C0F22000C4F8030046F66610C7F26E30F1
:1055200020602046FAF7FDFF3E2121520AA02146C5
:105530002A4602F03BF9DAF8145005F12200FAF796
:10554000F0FFA5F87200A5F8740005E60820080031
:105550000825732020080000257325730000000033
:1055600025730000FBF7CEFD40F2D85548F21F5BD3
:1055700046F26769C2F20005C5F2EB1B4FF0640A00
:1055800067274FF02E08C6F2666921A4FBF7F0FCEE
:10559000686004F07FFC44F6D351C1F2620180FBE5
:1055A0000112910901EBD2714FF47A7201FB1201E1
:1055B00080FB0B2380FB092609B241F27B42514359
:1055C000CA0C02EBD1715A0902EBD37202FB1A0228
:1055D000303185F8301051B27943C1F3C03202EB5B
:1055E0009121303185F83110B10801EBD67101EB12
:1055F0008101A0EB4100303085F83300204685F86A
:10560000328002F0D3F842F2107002F0B7FFBDE72B
:10561000E6ADA3E59CA8E8BF90E8A18C3A67657465
:105620007475726269646974790A000080B502A0B9
:1056300002F0BCF8002080BD48656C6C6F205254AD
:105640002D546872656164210A0000002DE9F04361
:1056500081B016A002F0AAF840F2806040F284699E
:10566000C2F20000C2F200090768D9F80050AF4248
:1056700018D213A40FF24C0803E000BF0C37AF425E
:1056800010D23E68214630460222FAF769FF002810
:10569000F4D07A684046314602F088F8D9F80050D4
:1056A000ECE700BF002001B0BDE8F0832D2D46756A
:1056B0006E6374696F6E204C6973743A0A0000005F
:1056C0005F5F0000252D313673202D2D2025730AB4
:1056D0000000000010B540F22864C2F20004216806
:1056E00006A002F063F8216909A002F05FF8616981
:1056F0000CA0BDE8104002F059B800BF746F74618F
:105700006C206D656D6F72793A2025640A00000087
:1057100075736564206D656D6F7279203A2025641C
:105720000A0000006D6178696D756D20616C6C6FA9
:105730006361746564206D656D6F72793A202564CC
:105740000A0000002DE9F04F8DB0022002F07EFA31
:1057500000F104087AA081A2082102F027F84AF695
:105760007864C0F60004204602F020F8204602F0DB
:105770001DF8204602F01AF8204602F017F82046DD
:1057800002F014F8204602F011F8204602F00EF85C
:10579000204602F00BF874A002F008F800260DF184
:1057A000140B7BA77BA4CDF80C8005E0049EDDF8EC
:1057B0000C80002E00F0C0803546002E08BF454604
:1057C000FAF734FD36B115F8041C01F07F01022907
:1057D00040F0B0802968414500F0AC800A6805912E
:1057E00042451DD01168069241451DD00A680791B7
:1057F00042451DD01168089241451DD00A680991A3
:1058000042451DD011680A9241451DD00A680B918E
:1058100042451DD04FF00808114604920C921BE03F
:105820004FF0010816E000BF4FF0020812E000BF81
:105830004FF003080EE000BF4FF004080AE000BF7D
:105840004FF0050806E000BF4FF0060802E000BF79
:105850004FF007080021049150A5FAF7EBFC4FF038
:10586000000905E0FAF7E6FC09F10109C1459DD000
:105870005BF829A0FAF7DAFC1AF8041C01F07F01A2
:105880000229EFD1FAF7D6FC5AF8081F0026BAF819
:1058900008005145AAF1140351460FD0096851453B
:1058A0001FD00968514519D00968514518D00968B9
:1058B00004365145F2D1013E13E000BF096851455D
:1058C0002FD00968514529D00968514528D0096869
:1058D00004365145F2D1013E23E000BF013600E01D
:1058E0000236009026A008210822019601F05EFFF2
:1058F000DAF8006056450DD0A6F11401384601F0E3
:1059000055FF3068504505D0204601F04FFF3668FE
:105910005645F1D120A001F049FFA5E7013600E08E
:1059200002360090284608210822019601F03EFF29
:105930009AE700BFFAF77EFC00200DB0BDE8F08FBB
:10594000252D2A2E73207620202073757370656EA6
:1059500064207468726561640A00000073656D619B
:1059600070686F7265000000202D2D2D202D2D2DCB
:105970002D2D2D2D2D2D2D2D2D2D2D0A000000002E
:10598000252D2A2E2A7320253033642025643A00E1
:10599000257300002F0000000A000000252D2A2E8C
:1059A0002A7320253033642025640A002DE9F04F46
:1059B0008DB0012002F04AF9051D4AF60360C0F6D9
:1059C000000073A2082101F0F1FE4AF67864C0F6E7
:1059D0000004204601F0EAFE204601F0E7FE2046E2
:1059E00001F0E4FE204601F0E1FE204601F0DEFE7B
:1059F000204601F0DBFE204601F0D8FE204601F0F3
:105A0000D5FE65A001F0D2FE00240DF1140A039525
:105A100005E000BF049C039D002C00F0B5802646E5
:105A2000002C08BF2E46FAF701FC34B116F8041C0E
:105A300001F07F01012940F0A5803168A94200F002
:105A4000A1800A680591AA421ED011680692A94257
:105A50001ED00A680791AA421ED011680892A94276
:105A60001ED00A680991AA421ED011680A92A94262
:105A70001ED00A680B91AA421ED04FF008081146AA
:105A800004920C921CE000BF4FF0010816E000BF2A
:105A90004FF0020812E000BF4FF003080EE000BF15
:105AA0004FF004080AE000BF4FF0050806E000BF11
:105AB0004FF0060802E000BF4FF0070800210491F4
:105AC000FAF7B8FB4FF0000906E000BFFAF7B2FBA7
:105AD00009F10109C1459DD05AF829B0FAF7A6FB92
:105AE0001BF8041C01F07F010129EFD1ABF10C067A
:105AF000FAF7A0FB9BF8294037A00821082233467B
:105B0000009401F053FE9BF8280000F00F000428D9
:105B100004D834A151F8200001F048FEDBF81C0045
:105B2000C11C00BF11F8032C232A0DD111F8022C3F
:105B3000232A0BD111F8012C232A09D111F8042BA7
:105B4000232AEFD0043904E0033902E0023900E0EF
:105B50000139DBE90824DBF810601718401A1044FB
:105B600064214843DBF83450B0FBF2F3B91B22A0A8
:105B70000095019401F01AFE09F10109C145ABD16C
:105B800048E700BFFAF756FB00200DB0BDE8F08FE4
:105B90007468726561640000202D2D2D20202D2D4C
:105BA0002D2D2D2D2D202D2D2D2D2D2D2D2D2D2D32
:105BB000202D2D2D2D2D2D2D2D2D2D20202D2D2D3C
:105BC0002D2D2D20202D2D2D2D2D2D2D2D2D2D202C
:105BD0002D2D2D0A00000000252D2A2E2A732025A8
:105BE0003364200047AE000859AE00087AAE0008C2
:105BF00083AE000850AE0008203078253038782079
:105C00003078253038782020202025303264252532
:105C100020202030782530387820253033640A0061
:105C20002DE9F04F8FB00A2002F010F800F10409BE
:105C30000FF2B0400FF2D442082101F0B7FD4AF64E
:105C40007864C0F60004204601F0B0FD204601F063
:105C5000ADFD204601F0AAFD204601F0A7FD20463B
:105C600001F0A4FD204601F0A1FD204601F09EFDBB
:105C7000204601F09BFD0FF29C4001F097FD0026AD
:105C800023E000BFA4F10C07FAF7D4FAD4E9060523
:105C9000082100904AF66260C0F6000008223B46E8
:105CA000019501F083FD14F8030CC00707BF4AF605
:105CB000F650C0F600004AF6F850C0F6000001F0B9
:105CC00075FD00BF002E00F003823446002E08BF91
:105CD0004C46FAF7ABFA36B114F8041C01F07F0118
:105CE0000A2940F0F3812168494500F0EF810A68F4
:105CF00007914A4520D011680892494522D00A6888
:105D000009914A4500F0C28011680A92494500F0A5
:105D1000F9800A680B914A4500F0328111680C92B3
:105D2000494500F039810E680D914E4500F07681AD
:105D300000240E9602E000BF002601244FF0000B65
:105D400004E000BF4FF0010B002600244FF0000AD2
:105D50000021069100210591002104910021039169
:105D6000FAF768FADDF81C80FAF760FA18F8041CF4
:105D700001F07F010A2923D1A8F10C07FAF75AFA9A
:105D8000D8E90605082100904AF66260C0F60000D6
:105D900008223B46019501F009FD18F8030CC007E5
:105DA00007BF4AF6F650C0F600004AF6F850C0F6B3
:105DB000000001F0FBFC002C7FF484AF05E000BF85
:105DC000FAF738FA002C7FF47DAF089CFAF72EFA28
:105DD00014F8041C01F07F010A2923D1A4F10C0757
:105DE000FAF728FAD4E90605082100904AF662601D
:105DF000C0F6000008223B46019501F0D7FC14F8DC
:105E0000030CC00707BF4AF6F650C0F600004AF67A
:105E1000F850C0F6000001F0C9FCBBF1000F7FF4A0
:105E200051AF05E0FAF706FABBF1000F7FF44AAF75
:105E3000099CFAF7FBF914F8041C01F07F010A2908
:105E40002CD1A4F10C07FAF7F5F9D4E906050821DD
:105E500000904AF66260C0F6000008223B460195B9
:105E600001F0A4FC14F8030CC00707BF4AF6F65073
:105E7000C0F600004AF6F850C0F6000001F096FCAB
:105E8000BAF1000F7FF41EAF0EE000BF4FF0010A21
:105E9000002600244FF0000B5AE700BFFAF7CAF9BA
:105EA000BAF1000F7FF40EAF0A9CFAF7BFF914F8AD
:105EB000041C01F07F010A292ED1A4F10C07FAF786
:105EC000B9F9D4E90605082100904AF66260C0F6E7
:105ED000000008223B46019501F068FC14F8030C11
:105EE000C00707BF4AF6F650C0F600004AF6F85061
:105EF000C0F6000001F05AFC069800287FF4E2AEDC
:105F000010E000BF01210691002600244FF0000B95
:105F10004FF0000A1EE700BFFAF78CF90698002838
:105F20007FF4D0AE0B9CFAF781F914F8041C01F051
:105F30007F010A293ED1A4F10C07FAF77BF9D4E9D5
:105F40000605082100904AF66260C0F600000822AB
:105F50003B46019501F02AFC14F8030CC00707BF6B
:105F60004AF6F650C0F600004AF6F850C0F60000B7
:105F700001F01CFC059800287FF4A4AE20E000BFCF
:105F8000012105910021002600244FF0000B4FF065
:105F9000000A0691E0E600BF01210491002106916C
:105FA0000021002600244FF0000B4FF0000A05915D
:105FB000D4E600BFFAF73EF9059800287FF482AED8
:105FC0000C9CFAF733F914F8041C01F07F010A293C
:105FD00034D1A4F10C07FAF72DF9D4E9060508210C
:105FE00000904AF66260C0F6000008223B46019528
:105FF00001F0DCFB14F8030CC00707BF4AF6F650AB
:10600000C0F600004AF6F850C0F6000001F0CEFBE2
:10601000049800287FF456AE16E000BF01210391DA
:1060200000210691002105910021002600244FF057
:10603000000B4FF0000A049192E600BFFAF7FAF85D
:10604000049800287FF43EAE0D9CFAF7EFF814F8A0
:10605000041C01F07F010A2924D1A4F10C07FAF7EE
:10606000E9F8D4E90605082100904AF66260C0F616
:10607000000008223B46019501F098FB14F8030C40
:10608000C00707BF4AF6F650C0F600004AF6F850BF
:10609000C0F6000001F08AFB039800287FF412AEDE
:1060A00006E000BFFAF7C6F8039800287FF40AAEAE
:1060B0000E9CFAF7BBF814F8041C01F07F010A29C2
:1060C0003FF4E0ADFAF7B6F8FCE500BFFAF7B2F836
:1060D00002F072FB014618A001F068FB00200FB02F
:1060E000BDE8F08F252D2A2E732020706572696F10
:1060F00064696320202074696D656F7574202020A9
:1061000020202020666C61670A00000074696D65BC
:1061100072000000202D2D2D2D2D2D2D2D2D2D200B
:106120002D2D2D2D2D2D2D2D2D2D202D2D2D2D2DAC
:106130002D2D2D2D2D2D0A0063757272656E742024
:106140007469636B3A3078253038780A00000000B3
:1061500096B0FCF77DF80CAC201D2421FAF775FAF7
:1061600002200C9001201090102000251190204654
:106170000695CDE904551395FCF7FAFA20B1EFF333
:10618000108072B6FEE700BF0F20CDE9070507A813
:106190000021CDE909550B95FCF7BAF920B1EFF3D1
:1061A000108072B6FEE700BF022003900020059029
:1061B00003A8FCF727F928B1EFF3108072B600BFEF
:1061C000FEE700BFFDF742FEFDF7E8FDFDF782FEAA
:1061D000FDF7A2FEFDF7BEFEFDF7DAFEFDF70AFEB3
:1061E00040F6B00040F2D851C2F20000C2F2000105
:1061F0000122FDF703FA4AF6A73045F265510A2459
:106200000325C0F60000C0F6000100224FF48063B1
:106210000095019402F08CF830B102F01DFA4AF6B4
:106220006530C0F6000003E04AF64B30C0F60000CF
:106230004AF6A731C0F6000101F0B8FA4AF68830F4
:1062400046F62D11C0F60000C0F6000100224FF402
:1062500080630095019402F06BF838B102F0FCF90C
:106260004AF66530C0F6000004E000BF4AF64B3045
:10627000C0F600004AF68831C0F6000101F096FA37
:10628000032000904AF6923044F679610A25C0F660
:106290000000C0F6000100224FF48063019502F077
:1062A00047F838B102F0D8F94AF66530C0F6000078
:1062B00004E000BF4AF64B30C0F600004AF69231C7
:1062C000C0F6000101F072FAFEE70000B0B54AF630
:1062D000D4644AF6CC60C0F60004C0F60000A042C8
:1062E00009D24AF6CC65C0F6000500BF55F8040B8C
:1062F0008047A542FAD3BDE8B040FFF729BF0000B0
:106300002DE9F04F81B083460078A8B140F280605B
:10631000C2F20000056840F28460C2F20000D0F8CA
:106320000080454580F0A8804AF6B3694FF0000A26
:10633000C0F6000900264CE04AF68C60C0F600006A
:1063400001F034FA40F2806040F28469C2F2000049
:10635000C2F200090768D9F80050AF421CD24AF6D1
:10636000B3644AF6A768C0F60004C0F6000802E06D
:106370000C37AF4210D23E68214630460622FAF76B
:10638000EFF80028F4D17A68B11D404601F00EFA0A
:10639000D9F80050ECE700BF4AF6B440C0F6000060
:1063A00001B0BDE8F04F01F001BA00BF481C801BEE
:1063B0005045B8BF824632A0394601F0F7F940F2A5
:1063C0008460C2F20000D0F8008000BF0C35454563
:1063D00048D22F68494638460622FAF7C1F8002805
:1063E000F4D158460637FAF79CF802465846394623
:1063F000FAF7B6F80028E9D1BAF1000F04D03178E5
:10640000304651B9D3E700BF3846FAF78AF88246DA
:106410003E46317830460029C9D000203A5CDAB1D6
:10642000914219D131184B78002BBFD03A185478CB
:10643000002CBBD0A342B9D18B787BB194786CB1DE
:10644000A3420BD1CB785BB1D2784AB1934207D14A
:10645000097904300029E1D13044A8E7881CA6E777
:10646000C81CA4E746B158463146524601B0BDE8C3
:10647000F04F01F007BE00BF01B0BDE8F08F00BFD4
:1064800025730A002DE9F04F8BB069B30D464A42DF
:106490000023834607E000BF04330BF1040BD1183F
:1064A000A5F1040520D0C15C202901D0092926D1FD
:1064B000D618711C18D2C7187978202901D009295B
:1064C00016D1B11C10D0B978202901D0092913D1D7
:1064D000F11C09D0F9782029DED00929DCD0033D50
:1064E00007F1030B0BE000BF00200BB0BDE8F08FFD
:1064F0000BF1010B013D02E00BF1020B023D684282
:106500006A1E4FF00009C9B2092933D0202931D0C1
:106510004D4521D00BEB09014B78092B22D0202BC4
:1065200020D04A4518D08B78092B21D0202B1FD0A2
:1065300000EB09039F1C0FD0CF78092F00F0428198
:10654000202F00F03F81033306D0097909F10409B7
:10655000C9B20929DAD10DE0A946B9F1000F0DD170
:1065600036E100BF09F10109B9F1000F06D12FE1B1
:1065700009F10209B9F1000F00F02A8140F28060B0
:10658000C2F20000066840F28460C2F200000468B3
:10659000A64280F01D814AF6B36809F1060AC0F6EA
:1065A000000803E00C36A64280F0128137684146AD
:1065B00038460622F9F7D4FF0028F3D1B81D594612
:1065C0004A46F9F7CDFF0028ECD117F80A00002859
:1065D000E8D1B0680028009000F0FA804FF0000C7D
:1065E0004FF0000800275A46CDE909CCCDE907CC89
:1065F000CDE905CCCDE903CC2946CDF80880AF42E2
:1066000088BF39467B1A03F101080020964601979E
:10661000165C202E01D0092E46D113EB000A2FD094
:1066200002EB000999F8016002F800C0202E01D0A9
:10663000092E3BD118EB000C26D099F802604FF0E0
:10664000000C202E89F801C001D0092E32D11AF198
:10665000020421D099F8036089F802C0202E01D0ED
:10666000092E2BD11AF103041AD089F803C00EF1B8
:10667000040E04370430165C202ECCD1CDE700BFC9
:1066800002EB000E1FE000BFDDF8088009F1010EEB
:106690004FF0000C19E000BF09F1020E13E000BF3B
:1066A0000EF1030E0FE000BF39460CE00EF1010EB3
:1066B000791C08E00EF1020EB91C04E0019909F101
:1066C000030E0844C11CDDF80880B8F1080F80F003
:1066D000B180A94280F0C280222E21D10EF10102A8
:1066E00003A840F828209EF80170481C04E000BF71
:1066F00012F8017F01460130A8424FF0000338BF75
:106700000123222F44D0A84242D25C2FF0D113465D
:1067100013F8017F222F04BF1A46881CE8E700BF48
:1067200003A840F828E02846A94288BF08460A1A6C
:1067300008F10108541C00201EF80070092F22D017
:10674000202F20D0171800F08C800EEB00067378F5
:10675000092B25D0202B23D0231800F08280B3787A
:10676000092B21D0202B1FD0BB1C00F07A80F3789E
:10677000092B1DD0202B1BD0FB1C72D004301EF81F
:106780000070092FDCD10EEB00020F1813E000BFE0
:10679000002B08F1010864D002F801CB8F1C0CE03B
:1067A0000844721C471C06E00844B21C871C02E027
:1067B0000844F21CC71CAF4253D2AF42FFF41CAFD7
:1067C0004FE000BF09F10309B9F1000F7FF4D6AE25
:1067D00000201BF8001041F02001202917D00BEBFE
:1067E00000014A7842F02002202A13D08A7842F031
:1067F0002002202A10D0CA7842F02002202A0DD090
:1068000004301BF8001041F020012029E7D1584442
:1068100005E000BF481C02E0881C00E0C81C002105
:1068200001701CA0594600F0C1FF4FF0FF300BB0C3
:10683000BDE8F08F0EA000F0B9FF03A8041F14A557
:10684000464654F8041F284600F0B0FF013EF8D138
:106850004AF6B440C0F6000000F0A8FFB8F1000FFF
:10686000B6D0009A03A9404690470BB0BDE8F08F20
:10687000546F6F206D616E792061726773202120E3
:106880005765206F6E6C79205573653A0A000000D9
:106890002573200025733A20636F6D6D616E64204F
:1068A0006E6F7420666F756E642E0A002DE9F043DA
:1068B00081B04AF68C60C0F6000000F077FF40F22D
:1068C000806040F28469C2F20000C2F200090768E9
:1068D000D9F80050AF421DD24AF6B3644AF6A76811
:1068E000C0F60004C0F6000803E000BF0C37AF425A
:1068F00010D23E68214630460622F9F731FE0028C4
:10690000F4D17A68B11D404600F050FFD9F800502C
:10691000ECE700BF4AF6B440C0F6000000F046FFC6
:10692000002001B0BDE8F083012070478EB0FDF774
:10693000A7FBFDF74FFBFDF7B5FF4FF47A7001F0B1
:106940001DFEFDF747FB40F26847C2F200073878AA
:1069500039790A22FDF79CFB387A397B0D22FDF745
:1069600097FB387C397D3A221023FDF7B7FD97F865
:10697000380097F83C100B22FDF78AFB97F840008F
:1069800097F844100C22FDF783FB97F8480097F81E
:106990004C100D22FDF77CFB97F8500097F854102F
:1069A0003A221023FDF79AFD97F8700097F87410BB
:1069B0004CA21023FDF7D4FF97F8780097F87C10CD
:1069C0003A221023FDF78AFD97F8A80097F8AC103B
:1069D0000E22FDF75DFB97F8B00097F8B4100F2278
:1069E000FDF756FB97F8C80097F8CC100022FDF78A
:1069F0004FFB97F8D00097F8D4101022FDF748FB12
:106A000040F2D85A4AF68334C2F2000AC0F60004B3
:106A10000DF12E080DF124090DF11A0B04AD0DF145
:106A2000060600BFDAF8040003F008FA02460B4637
:106A300040462146F9F774FC387E397F42461023E0
:106A4000FDF78EFFDAF80C0003F0F8F902460B466A
:106A500048462146F9F764FC97F8580097F85C100F
:106A60004A461023FDF77CFFDAF8080003F0E6F948
:106A700002460B4658462146F9F752FC97F880002B
:106A800097F884105A461023FDF76AFFDAF81000D1
:106A900003F0D4F902460B4628462146F9F740FC9C
:106AA00097F8B80097F8BC102A460F23FDF758FF57
:106AB000DAF8140003F0C2F902460B4630462146CC
:106AC000F9F72EFC97F8D80097F8DC1032460F2320
:106AD000FDF746FF04A000F069FE4FF47A7001F064
:106AE0004DFD9FE750480000E6ADA3E59CA8E8BF38
:106AF00090E8A18C3A6F6C65640A00002DE9F04FB4
:106B00008AB0059115990FF2D4464F060FF2E0486E
:106B100058BFB046CE06DDE9134948BF21F0010158
:106B2000CE074FF0300A08BF4FF0200A8E070DD471
:106B300000270197002701250097002A00F09A807E
:106B4000CDE90251CDF810A013E000BFB2F1FF3F34
:106B500006DD4E0700F186800E07E9D5202782E08A
:106B600001270197002702972D27CDE9031A5242EA
:106B700000974CF6CD494FF0000BCCF6CC490DF107
:106B8000180A00BFA2FB09561409F50802F00F0706
:106B900005EB850C25460A2B04BFF508A2EB4C0734
:106BA00018F80770002D0AF80B7049D0A5FB097C76
:106BB00004F00F07140ACE464FEADC06A14606EBA6
:106BC00086060A2B04BF4FEADC09A5EB460718F836
:106BD00007500AEB0B0CB9F1000F59468CF8015025
:106BE00032D0A9FB0E5604F00F05140B5146F708DE
:106BF000A24607EB87070A2B04BF4FEAD60AA9EB88
:106C0000470518F80550BAF1000F8CF802501FD054
:106C1000AAFB0E5604F00F04120CF50805EB8505CF
:106C20000A2B04BFF208AAEB450418F80440F14609
:106C30000BF1040B002A8A468CF80340A2D109E02C
:106C40000BF1010B06E000BF0BF1020B02E000BFED
:106C50000BF1030BDDF810A0DDE90251DDE913496A
:106C60000DE000BF2B270097002501270197002A80
:106C70007FF466AF30228DF818204FF0010BDDF85D
:106C800014E0CB454B46C8BF5B4611F0110FA4EB97
:106C900003025FD006462DB976453CBF00983070A0
:106CA000013A0136C80631D4551EC0F28D8012F06B
:106CB000030700F09580764538BF86F800A0012FC5
:106CC00006F1010040F09680023A0646032DC0F01E
:106CD0008B80101D764506F1010238BF86F800A0B2
:106CE000724538BF82F800A0B21C724538BF82F8E6
:106CF00000A0F21C7245A0F1040038BF82F800A089
:106D0000032806F10406E5DC4FF0FF323046CB45A0
:106D10005EDAA3EB0B076FEA0B0617F0030703EB32
:106D2000060C57D070453CBF302404705D1E012F07
:106D300000F1010409D07445A3F102053CBF3026DF
:106D40002670022F00F102046CD12046BCF1030F23
:106D500073D28BE00027002AC8BF0127019E37406D
:106D6000D71B7A1E96DB17F0030C51D070453CBF41
:106D700020240470BCF1010F00F1010640F00481F1
:106D8000023F3046032A46D33A1D2026704500F1C3
:106D9000010738BF0670774538BF3E70871C7745BE
:106DA00038BF3E70C71C7745A2F1040238BF3E7061
:106DB000032A00F10400E9DC4FF0FF320646002D03
:106DC0003FF46AAF6EE700BF30462A46CB45A0DBF2
:106DD00004464BE01D46BCF1030F2ED246E000BF37
:106DE0002A46032DBFF475AF4FF0FF32CB45FFF6B7
:106DF00090AFEDE7704538BF80F800A0022F06F194
:106E0000020040F0D180033A0646032DECD360E740
:106E10001746032AB8D24FF0FF32002D3FF43CAFA3
:106E200040E700BF03307445A3F103053CBF3023A6
:106E300023700446BCF1030F18D33023044600BF6F
:106E4000744504F1010038BF2370704538BF0370EA
:106E5000A01C704538BF0370E01C7045A5F1040507
:106E600038BF0370AB4504F10404E9DBB9F1000F4E
:106E700035D006A8023807E0ABF1040B0BF1040390
:106E8000042B04F104042AD9744503D200EB0B034C
:106E90005B782370BBF1020F04F101031EDB734525
:106EA0003CBF10F80B701F70BBF1030F04F102031D
:106EB00014D3734504D200EB0B0717F8017C1F7045
:106EC000BBF1040F04F1030308D37345D4D200EBE4
:106ED0000B0717F8027C1F70CEE700BF1C46012A83
:106EE00012DB12F00307A2F1010311D074453CBF7D
:106EF00020202070012F04F101000DD11A46044614
:106F0000032B3ED322E000BF20460AB0BDE8F08F3D
:106F1000032B36D31AE000BF7045A2F102063CBF36
:106F200020250570022F04F1020005D132460446E7
:106F3000032B26D30AE000BF03347045A2F10302FD
:106F40003CBF202707702046032B1AD3013A202389
:106F5000204600BF704500F1010738BF0370774538
:106F600038BF3B70871C774538BF3B70C71C7745DF
:106F7000A2F1040238BF3B7012F1020F00F10400CD
:106F8000E8D30AB0BDE8F08F76453CBF20243470CA
:106F9000BCF1020F00F1020612D1033F3046032A72
:106FA000FFF439AFF0E600BF0336704538BF80F814
:106FB00000A0043A3046032DBFF48BAE14E700BFA7
:106FC000764503D22C462025357025460330043FF4
:106FD0000646032ABFF4D8AE1DE700BF3031323376
:106FE0003435363738396162636465660000000005
:106FF00030313233343536373839414243444546EF
:1070000000000000B0B501FB00F4204600F0E8FBF2
:10701000054620B128460021224600F039FD2846C9
:10702000B0BD0000B0B54AF6CC644AF6C460C0F604
:107030000004C0F60000A04228BFB0BD4AF6C465F7
:10704000C0F6000555F8040B8047A542FAD3B0BD41
:1070500080B5F9F7EBF840F26061C2F200014A88AE
:1070600001324A80BDE88040F9F7E4B8B0B5F9F7DD
:10707000DDF840F26065C2F2000569880446481EEA
:1070800001B20029688005DD2046BDE8B040F9F76F
:10709000D1B800BF002068802046F9F7CBF86868B7
:1070A000002808BFB0BDF9F7C1F869880446002977
:1070B000EAD1A868FDF7B8FE421E44F24860C2F269
:1070C000000050F832106868A1F114039842DBD038
:1070D0002A7044F2C0526B60C2F2000212781C3077
:1070E00001F1080132B1F9F7A8F82046BDE8B04037
:1070F000F9F7A0B8F9F7A1F82046BDE8B040F9F7D4
:1071000099B800002DE9F041002857D040F22867D7
:10711000C2F2000704467868A0424FD8B868A0427F
:1071200098BFBDE8F08107F1180840464FF0FF31E5
:10713000A4F10C0600F0AEFE34F80A0C18B1308849
:10714000B0F5F55F0AD025A000F030FB34F80A2C2A
:1071500034F80C3C28A0314600F028FB4FF4F550E1
:1071600044F80C0CD7F80CC0B44584BFFE60B4469C
:1071700054F8082C78683D691318F11A29443961CC
:107180000FD0598869B9B9688B420AD09C4504BFB1
:10719000FE60B4465A6844F8082C5968331A014412
:1071A0008B6054F8043CC518B54201D0698839B1E8
:1071B0004046BDE8F04100F043BE00BFBDE8F081AD
:1071C000B44508BFFD606A6054F8081C0844836039
:1071D0004046BDE8F04100F033BE00BF746F20664A
:1071E000726565206120626164206461746120625F
:1071F0006C6F636B3A0A00006D656D3A203078253C
:107200003038782C207573656420666C61673A208D
:1072100025642C206D6167696320636F64653A2083
:107220003078253034780A0040F6BC10C2F20000F5
:107230007047000040F6BC10C2F2000000F570502C
:107240007047000010B5FBF703F8FDF7B3FBFDF73F
:10725000EDFBFBF75FFA44F6D351C1F26201A0FBEC
:1072600001018809FBF75EFCFFF7DCFEFFF7DCFF9E
:107270000446FFF7DFFF01462046BDE8104000F05E
:1072800045BF000080B540F29860C2F2000000687F
:107290000168890606D40A2001F070F9FF20C0B207
:1072A00080BD00BF4068C0B280BD0000F0B581B0B5
:1072B00004460D208DF8030040F29860C2F20000F1
:1072C000002180F84010204600F0BEFEE0B140F200
:1072D00098660546C2F200060DF103070AE000BFFA
:1072E0003046214601220123FCF724FA013D04F136
:1072F000010409D020780A28F2D13046394601220B
:107300000123FCF717FAEBE701B0F0BD10B540F62A
:10731000B811C2F200010968044621B1204688472D
:10732000002808BF10BD216C4AF6A940C0F6000035
:1073300000F03CFA616A4AF66840C0F6000000F0CE
:1073400035FAA16A4AF67540C0F6000000F02EFA40
:10735000E16A4AF68240C0F6000000F027FA216B8D
:107360004AF68F40C0F6000000F020FA61684AF645
:107370009C40C0F6000000F019FAA168C4A000F01B
:1073800015FAE168C6A000F011FA2169C8A000F062
:107390000DFA6169CAA000F009FAA169CCA000F059
:1073A00005FAE169CEA000F001FA216AD0A000F050
:1073B000FDF9616BD2A000F0F9F9A16BD4A000F047
:1073C000F5F9E16BD6A000F0F1F92078400707D479
:1073D0004AF6C230C0F6000000F0E8F90BE000BF4A
:1073E00001F0F8F801464AF6DC30C0F6000000F083
:1073F000DDF9FEF7DBFA4EF62954CEF20004D4F89C
:107400000300800705D54AF64640C0F6000000F0AC
:10741000CDF9D4F80300400040F1F880207830B373
:107420004AF61A40C0F6000000F0C0F921784AF68A
:107430002D50C0F6000000F0B9F92078C00745D102
:10744000207880074BD42078400751D4207800075B
:1074500057D42078C0065DD494F90000B0F1FF3F06
:1074600060DD4AF6B440C0F6000000F09FF914F861
:10747000010C002800F095804AF6F930C0F60000B3
:1074800000F094F914F8011C4AF64350C0F60000CD
:1074900000F08CF914F8010CC00751D114F8010C5C
:1074A000800757D414F8010C00075DD414F8010CC0
:1074B000C00663D414F9010CB0F1FF3F69DD4AF650
:1074C000B440C0F6000000F071F96AE04AF61850C6
:1074D000C0F6000000F06AF920788007B3D54AF6BC
:1074E0000D50C0F6000000F061F920784007ADD5DE
:1074F0004AF60B50C0F6000000F058F9207800075B
:10750000A7D54AF60150C0F6000000F04FF92078E8
:10751000C006A1D586A000F049F994F90000B0F1A9
:10752000FF3F9EDCD4F80F104AF62640C0F600005C
:1075300000F03CF914F8010C00289DD131E000BFA7
:107540004AF6DC40C0F6000000F030F914F8010CF7
:107550008007A7D54AF6D240C0F6000000F026F911
:1075600014F8010C0007A1D54AF60050C0F600003F
:1075700000F01CF914F8010CC0069BD54AF6F74040
:10758000C0F6000000F012F914F9010CB0F1FF3F51
:1075900095DCD4F80B104AF63640C0F6000000F037
:1075A00005F9B4F8010088B34AF60C40C0F60000B3
:1075B00000F0FCF8B4F801104AF65950C0F600008B
:1075C00000F0F4F8B4F80100C0072DD1B4F80100C0
:1075D000800733D4B4F80100400739D4B4F801006F
:1075E00000073FD4B4F80100C00545D4B4F8010049
:1075F000800505D54AF6E640C0F6000000F0D6F852
:107600004AF6B440C0F6000000F0D0F8D4F8030009
:10761000B0F1FF3F06DC4AF65B40C0F6000000F028
:10762000C5F800BFFEE700BF4AF62150C0F60000D3
:1076300000F0BCF8B4F801008007CBD54AF6C8408A
:10764000C0F6000000F0B2F8B4F801004007C5D55C
:107650004AF6B640C0F6000000F0A8F8B4F8010001
:107660000007BFD54AF6F140C0F6000000F09EF8D2
:10767000B4F80100C005B9D54AF6BD40C0F6000017
:1076800000F094F8B4F801008005B3D4B8E700BF67
:107690007230353A203078253038780A0000000002
:1076A0007230363A203078253038780A00000000F1
:1076B0007230373A203078253038780A00000000E0
:1076C0007230383A203078253038780A00000000CF
:1076D0007230393A203078253038780A00000000BE
:1076E0007231303A203078253038780A00000000B6
:1076F0007231313A203078253038780A00000000A5
:107700007231323A203078253038780A0000000093
:10771000206C723A203078253038780A000000005A
:107720002070633A203078253038780A0000000055
:1077300053544B455252200004324BF6EF6C22F06A
:107740000702CDF6AD6C42F840CDC2E901CCC2E9EA
:1077500003CCC2E905CCC2E907C100214FF0807C0F
:10776000C2E90D301046C2E90911C2E90B11C2F895
:107770003CC0704780B5F8F759FD44F2C051C2F2E1
:1077800000010A7801320A70BDE88040F8F752BD66
:1077900080B5F8F74BFD44F2C051C2F200010A78FF
:1077A000013A0A70BDE88040F8F744BD83B010B5D7
:1077B00081B044F2C854844603A8C2F200040EC04B
:1077C00003AB20467F216246009301F0A9F92046D1
:1077D000FFF76CFD01B0BDE8104003B0704700003A
:1077E0002DE9F04F81B0002800F0838040F2286935
:1077F000C2F200090330D9F8001020F003088845D0
:1078000077D809F1180B58464FF0FF31B8F10C0F3B
:1078100098BF4FF00C0800F03DFBD9F80CE0D9E917
:1078200000CAAEEB0A02ACEB0807BA425ED20AEB22
:1078300002052B4633F8020F2E4656F8044F20B9A6
:1078400002F10C00211A414558D2BC424ED20AEB3B
:1078500004052B4633F8020F2E4656F8042F20B9A4
:1078600004F10C00111A414520D2BA423ED20AEB73
:1078700002052B4633F8020F2E4656F8044F20B966
:1078800002F10C00211A414538D2BC422ED20AEB3B
:1078900004052B4633F8020F2E4656F8042F002815
:1078A000C3D104F10C00111A4145BED3CDF800B08C
:1078B000A346144608F11802914226D340440AEB2D
:1078C00000024FF4F5574AF80070C2E9014B3060EE
:1078D000526801240CF10C07BA421C801CBF5244B0
:1078E0009060D9F8100008F10C0114E0584600F03F
:1078F000A7FA002001B0BDE8F08F00BFCDF800B0BE
:10790000934608F118029142D8D20120D9F81010FC
:107910001880A4EB0B00D9F8142001448A42009887
:10792000C9F8101038BFC9F814104FF4F551AE451E
:10793000298030D1BEF8021069B3D9F80820724509
:1079400029D0DEF804100AEB010EBEF8021000295F
:1079500018BF72451DD0DEF804100AEB010EBEF808
:107960000210002918BF724513D0DEF804100AEB8C
:10797000010EBEF80210002918BF724509D0DEF8CA
:1079800004100AEB010EBEF80210002918BF724560
:10799000D7D1C9F80CE000F053FA05F10C0001B0A2
:1079A000BDE8F08FB0B5814214D28B18834211D953
:1079B000002A47D000EB020E12F00301A2F1010CE5
:1079C0004FD013F8014D01290EF8014D3CD162460C
:1079D00047E000BFB2B312F00304A2F1010C09D0DA
:1079E0008E461EF8015B0346012C03F8015B05D1AE
:1079F000624613E08E46034610E000BF4B78022C2F
:107A0000437005D1023A01F1020E831C06E000BF6B
:107A100001F1030E8978033AC31C8170BCF1030F96
:107A200038BFB0BDAEF10401043B00BF11F8045FE4
:107A3000043A03F8045F4D785D708D789D70CD78C1
:107A4000DD70F3D1B0BD00BF13F8014D02290EF86F
:107A5000014D01D1023A04E013F8011D033A0EF87A
:107A6000011DBCF1030FEDD3AEF10401023B00BFD9
:107A70005C78043ACC701C788C7013F8014C4C7014
:107A800013F8024CA3F1040301F80449F0D1D9E73B
:107A900070B5042A06461BD316F0030018D1C8B2ED
:107AA0004FF00133102A00FB03F313D3A2F1100CA3
:107AB000012000EB1C1010F003000DD00128C6E9D6
:107AC0000033B360F36009D106F11000624616E09E
:107AD000304650E030462EE0304610E00228C6E93D
:107AE0000433B361F36103D106F12000203A06E0CC
:107AF00006F13000303AC6E90833C6E90A33BCF172
:107B0000300F16D300F14004403AC0E90033C0E919
:107B10000233C0E90433C0E90633C0E90833C0E9E1
:107B20000A33C0E90C33C0E90E330F2A2046E9D8E6
:107B30002046042A1FD30446151F042D40F8043B99
:107B400018D3A2F10805042D63600DD3A2F10C0532
:107B5000042DA3600CD304F11000103AE360032A53
:107B60000446E9D807E000BF04F1080002E000BFC6
:107B700004F10C002A4622B1CBB211461A46F8F79E
:107B80003AFD304670BD00002DE9F041884640F2D4
:107B90004851C2F200010A78054682420C460AD0DA
:107BA0000C4614F8100FA84205D011F8200FA84277
:107BB00018BF00210C46E068FFF712FE4FF00007E7
:107BC000C0B1E26800210646FFF762FF3046414639
:107BD00008223572777200F055FAF8F727FB54F84F
:107BE000041F324642F80C1F4A6022603461F8F7E5
:107BF00021FB37463846BDE8F081000010B5044649
:107C000000202072F8F712FB2246216952F80C3F3F
:107C10005960216922610B601260F8F70BFB204666
:107C2000BDE81040FFF76EBA10B504460020207280
:107C3000F8F7FCFA54F80C1F62684A606268116039
:107C4000C4E90044BDE81040F8F7F4BA40F24852E5
:107C5000C2F200021178814211460AD0114611F891
:107C6000103F834205D012F8201F814218BF002226
:107C70001146084670470000F0B581B00E4640F24C
:107C80004851C2F2000115460A780446B2420F4636
:107C90000AD00F4617F8100FB04205D011F8200F88
:107CA000B04218BF00210F46FFF7D2F9043738461B
:107CB0000068B84208D00068B84205D00068B842F1
:107CC00002D00068B842F3D1FFF7D0F946F0800047
:107CD000207220462946082200F0D4F9F8F7A6FAC7
:107CE000396844F80C1F4C603C60676001B0BDE827
:107CF000F040F8F79FBA0000007AC0097047000012
:107D0000B0B5F8F793FA40F26065C2F200056988F1
:107D1000044629B12046BDE8B040F8F78BBA00BF51
:107D2000A868FDF781F844F248610138C2F2000109
:107D300051F830106A68A1F114039A42EAD0287011
:107D400044F2C0506B60C2F20000037802F11C00E4
:107D500001F1080133B1F8F770FA2046BDE8B040F0
:107D6000F8F768BAF8F769FA2046BDE8B040F8F7C6
:107D700061BA000010B50446F8F758FA94F83410C8
:107D800094F8352001F0F001013184F8341044F208
:107D90004861C2F2000101EBC2014A6840F2606C26
:107DA00004F11403C2F2000C1360A2614B60A26BD9
:107DB000DCF80830616143EA0201CCF80810BDE844
:107DC0001040F8F737BA0000B0B50546F8F72EFABC
:107DD000294651F8142F4B6853604B6849601A606C
:107DE00091F8212044F248630960C2F2000353F87D
:107DF000324003EBC202944204D0BDE8B040F8F731
:107E000019BA00BF40F26062C2F20002A96B936827
:107E100023EA01019160BDE8B040F8F70BBA000019
:107E200070B515460A4602211C460646FFF724FF98
:107E300006F11400C6E905000020B583747270BD18
:107E4000B0B50546F8F7F2F92A4652F8141F044671
:107E500091420BD0A1F1140000F098FB2046F8F7F6
:107E6000E9F9FFF74DFF0020B0BD00BFA88B4FF62A
:107E7000FF71884206D12046F8F7DCF96FF0020066
:107E8000B0BD00BF0130A8832046F8F7D3F9002029
:107E9000B0BD00002DE9F04381B08946074600914E
:107EA000F8F7C4F9B98B804641B1481EB883404603
:107EB000F8F7C0F9002001B0BDE8F083B9F1000F78
:107EC0003ED000F087FB0546002028637E7A2846D6
:107ED00007F1140400F0EEFBD6B3012E3FD120468B
:107EE0000068A04234D095F8351090F821209142D6
:107EF0001AD30068A0422BD095F8351090F82120B5
:107F0000914211D30068A04222D095F8351090F824
:107F10002120914208D30068A04219D095F835106D
:107F200090F821209142DBD21438826900F11401CB
:107F300005F114031360AA61836169610FE000BF5A
:107F40004046F8F777F96FF0010001B0BDE8F08323
:107F5000B86905F114010160A861B9616C61B9F1FA
:107F6000010F09DB05F144066A463046002100F0A6
:107F7000EFFC304600F052FD4046F8F75BF9FFF7A2
:107F8000BFFE286B002808BF002001B0BDE8F083C9
:107F900080B582B00AA0FFF709FC0CA0FFF706FC31
:107FA0000FF24C0C15A0032101220523CDF800C0CF
:107FB000FFF7FCFB19A002B0BDE88040FFF7F6BB5D
:107FC0000A205C207C202F0A000000002D20525443
:107FD000202D2020202020546872656164204F707D
:107FE00065726174696E672053797374656D0A00F8
:107FF0004D6172203239203230323500202F207C02
:10800000205C202020202025642E25642E2564203D
:108010006275696C642025730A00000020323030DC
:1080200036202D203230323020436F7079726967EC
:1080300068742062792072742D746872656164209E
:108040007465616D0A000000C11C00BF11F8032CAB
:1080500062B111F8022C6AB111F8012C72B111F859
:10806000042B002AF2D10439081A70470339081A80
:10807000704700BF0239081A704700BF0139081A5B
:10808000704700002DE9F0418046DAB3C2F1000CE0
:1080900000234446CF5C08F80370DFB10CEB030605
:1080A000771C2FD2CF18787808EB03056870A8B139
:1080B000B01C27D0B878A870B0B1F01C22D0F878E6
:1080C000E870D8B1043304341CEB0300A2F10402BD
:1080D000E0D117E0601C511E0AD113E0A01C013A48
:1080E000511E05D10EE000BFE01C023A511E09D01E
:1080F000F8F789FA4046BDE8F08100BF033A281D31
:10810000511EF5D14046BDE8F081000021F0030387
:108110008C46192B01462DD3C81C20F00300A3F177
:108120001802824226D310B5191A40F22864A1F130
:108130001802C2F20004C4E900204FF4F5520C39D1
:108140004FF0000CC0E90021C0F808C041F6A06063
:10815000C0F201001A4642F80C0DA26043E9021178
:1081600004F1180005A101220023FFF759FE606801
:10817000E06010BD03A06246FFF718BB6865617040
:10818000000000006D656D20696E69742C206572B9
:10819000726F7220626567696E20616464726573D4
:1081A0007320307825782C20616E6420656E642001
:1081B0006164647265737320307825780A0000006A
:1081C00010B544F24862C2F2000202F11800C2E99E
:1081D000060002F1200002F1080302F11001C2E9D9
:1081E000080002F14000C2E90233C2E9041102F1C1
:1081F000280102F1300302F13804C2E9100002F153
:108200006000C2E90A11C2E90C33C2E90E4402F16E
:10821000480102F1500302F15804C2E9180002F1CA
:108220008000C2E91211C2E91433C2E9164402F116
:10823000680102F1700302F17804C2E9200002F142
:10824000A000C2E91A11C2E91C33C2E91E4402F1BE
:10825000880102F1900302F19804C2E9280002F1BA
:10826000C00040F2606EC2E92211C2E92433C2E9C3
:10827000264402F1A80102F1B00302F1B804C2E9F8
:10828000300002F1E000C2F2000EC2E92A11C2E998
:108290002C33C2E92E4402F1C80102F1D00302F1ED
:1082A000D804C2E938001F204FF0000CC2E9321197
:1082B000C2E93433C2E9364402F1E80102F1F003C5
:1082C00002F1F8048EF800000EF10C00AEF802C0C6
:1082D000C2E90022C2E93A11C2E93C33C2E93E4494
:1082E000CEE901CCCEE9030010BD000010B540F28C
:1082F0006064C2F20004A068FCF796FD44F2486195
:10830000C2F2000101EBC00050F8080CA0F114010A
:1083100008306160BDE81040F7F7BDBF40F27460FF
:10832000C2F20000011DC0E9011170477047000052
:108330002DE9F04383B00F46014601201D46164645
:10834000FFF722FC00283DD004462846FFF748FAF4
:1083500000283DD004F11401DDE90A98C4E90511B3
:1083600023212A46C4E90876C4E90A05FFF790FBF1
:1083700004F120030FCB1A4448F2E133043AC0F66B
:108380000003FFF7D9F948F2F962E061002704F130
:108390004400C0F600022146234684F8369084F853
:1083A0003590C4E90E78C4F84080276384F83470AF
:1083B000C4E91C770097019700F016FB204603B034
:1083C000BDE8F0830024204603B0BDE8F08300BF81
:1083D0002046FFF713FC0024204603B0BDE8F083DD
:1083E00070B540F26460C2F200000568F7F71EFF46
:1083F0000446F7F71BFF296F064609B12846884750
:108400003046F7F717FF2846FFF7DEFC042085F813
:10841000340005F1440000F0CFFA2846FFF76CFC69
:10842000012809D12846FFF7FFFBFFF769FC20462A
:10843000BDE87040F7F7FEBE40F26C60C2F200008B
:10844000016845F8141F4D6005606860FFF758FC2F
:108450002046BDE87040F7F7EDBE000040F26C66C4
:10846000C2F2000603E000BF2046F7F7E3FEF7F78D
:10847000DDFE31680446B142F6D0D1E90020A1F119
:10848000140550604B6848691A60C1E90011FEF795
:1084900039FE2846FFF7B2FBE6E7000010B584B0CE
:1084A00044F248724FF48071C2F2000240F6401468
:1084B0001F20CDE90021C2F2000448F25D424FF0D6
:1084C000200C029007A1C0F6000220460023CDF840
:1084D0000CC000F00BF8204604B0BDE8104000F0DE
:1084E000BBB800BF7469646C650000002DE9F047FB
:1084F00082B00DF1280A16460A46DDF834909AE853
:10850000800501211D460446FFF7B6FB04F1140067
:10851000C4E90500384623214246C4E90865C4E998
:108520000A78FFF7B5FA04F120030FCB1A4448F29A
:10853000E133043AC0F60003FFF7FEF848F2F962AF
:10854000E061002704F14400C0F600022146234602
:1085500084F836A084F835A0C4E90E79C4F84090B8
:10856000276384F83470C4E91C770097019700F002
:108570003BFA002002B0BDE8F087000080B500F0B3
:1085800001F900F02DF8002080BD0000B0B50446D0
:1085900090F8340000F00F0002281CBF4FF0FF30AD
:1085A000B0BDF7F743FE2246A16952F8143F0546D5
:1085B0005960A16904F144000B60A261126000F0EF
:1085C00093FA2846F7F736FE2046FFF7D3FB002044
:1085D000B0BD000040F26460C2F200000068704765
:1085E000F0B581B00090F7F721FE40F26461C2F26D
:1085F00000010C68054694F8341001F00F010129C0
:1086000013D1F7F713FE06462046FFF7DDFB94F87B
:10861000340000F0F000023084F8340004F144002B
:1086200000F062FA3046F7F705FE04F144066A46A8
:1086300030460021002700F08BF9304600F0EEF9BB
:108640002846F7F7F7FDFFF75BFB206B023008BF0A
:108650002763002001B0F0BDB0B5044690F83600A5
:10866000012184F8350001FA00F0A063022084F8AB
:108670003400F7F7DBFD2246A16952F8143F0546A6
:108680005960A16904F144000B60A261126000F01E
:108690002BFA2846F7F7CEFD2046FFF76BFB40F29A
:1086A0006460C2F200000068002818BFFFF728FBD2
:1086B0000020B0BDB0B5044690F8340000F00F00C3
:1086C00001281CBF4FF0FF30B0BDF7F7AFFD0546E6
:1086D0002046FFF779FB94F8340000F0F0000230F8
:1086E00084F8340004F1440000F0FEF92846F7F75E
:1086F000A1FD0020B0BD000080B50246816952F89E
:10870000143F6FF0010C59608169C0F830C00B60F4
:1087100082611260FFF72EFBBDE88040FFF7F0BAE0
:1087200010B5F7F783FD40F26461C2F200010968F9
:1087300091F8342002F00F02012A1FD10A4652F8A4
:1087400014CF53689C4519D0CCF8043091F835E02B
:1087500044F24863C2F2000303EBCE03D1F818E001
:108760008A615C68CEF800C022608C615A604B61FF
:10877000F7F760FDFFF7C4FA002010BDF7F75AFDC8
:10878000002010BD002844BF4FF0FF30704744F672
:10879000D351C1F26201A0FB01239A094FF47A730D
:1087A00002FB1300584300F2E730A0FB010102FB7B
:1087B00003F000EB9110704744F64C00C2F2000049
:1087C0000068704780B544F64C00C2F200000168B2
:1087D00001310160FFF7FEFE016C0139016403D035
:1087E000BDE8804000F008B8C16B0164FFF798FF56
:1087F000BDE88040AFF300802DE9F04F83B00DF16C
:10880000040BCDE901BBFFF7D7FF0546F7F70EFDD7
:1088100040F27468C2F20008414651F8047F0090AB
:108820008F4200F08F804FF6FE76C7F6FF7608F194
:10883000040A18E05046D8F8001002680131C8F860
:10884000001017F80B1C57603A600760786041F021
:10885000010007F80B0C4846F7F7ECFC404650F8CF
:10886000047F87426ED07869281AB0426AD8D7E967
:10887000001048607A6817F80B0C116081073F60A0
:108880005CBF00F0FE0007F80B0C019847603860F1
:10889000D7E902100197C7F804B08847FFF78CFFAB
:1088A000019905465945D9D0D7E900014160796859
:1088B0007F60086017F80B0C3F6000F0030103298C
:1088C000CCD100F0FE0007F80B0CF7F7AFFCD7E9AE
:1088D000001281464A6017F80B0C7A6800F0FE001F
:1088E00011603F607F6007F80B0CFFF765FF3A6986
:1088F000D8F808101044514578619BD0C2435046C7
:1089000003685C691444B44295D3994215D0186841
:1089100044691444B44213D381420ED003685C69A5
:108920001444B442FFF487AF994206D018684469F2
:108930001444B44204D38142E2D108467BE700BF2D
:10894000184678E70098F7F775FC03B0BDE8F08F9C
:1089500070B514460E460546F7F768FC042E07D896
:10896000DFE806F0040A1018200000BF21686962E1
:10897000F7F760FC002070BD696A2160F7F75AFCC8
:10898000002070BD697A01F0FD016972F7F752FCB1
:10899000002070BD697A41F002016972F7F74AFC64
:1089A000002070BD697AC9070CBF00210121216038
:1089B000F7F740FC002070BD10B50446F7F736FC11
:1089C0002246A16952F8143F5960A169A2610B6067
:1089D000617A126001F0FE016172F7F72BFC20460C
:1089E000FFF722F9002010BD2DE9F04115460A4697
:1089F000DDE906870A211C460646FFF73DF907F028
:108A0000FE007072002006F11401C6E90511C6E9E6
:108A10000754C6E90980BDE8F08100002DE9F04166
:108A20000446F7F703FC264656F8141F8046726882
:108A300016F80B0C4A60726800F0FE001160366098
:108A4000766006F80B0CFFF7B7FE40F2746CC2F2CA
:108A5000000C3169DCF808700CF104020144974203
:108A600071612CD04FF6FE75CB43C7F6FF751168C8
:108A700048691844A84222D38F4217D00A68506927
:108A80001844A84214D3974214D011684869184476
:108A9000A84214D38F420FD00A6850691844A842E4
:108AA0000CD39742E3D13A4609E000BF3A4606E0CC
:108AB0000A4604E03A4602E03A4600E00A46DCF89C
:108AC000000011680130CCF80000607A4E6040F080
:108AD00001006072404661611660A261F7F7AAFB6F
:108AE0000020BDE8F081000010B50446407AC007C0
:108AF00004BF4FF0FF3010BDF7F798FB54F8141F78
:108B000062684A6062686460116014F80B1C24603B
:108B100001F0FE0104F80B1CF7F78CFB002010BDE0
:108B20002DE9F04F85B09B46144600EB010A4FF04B
:108B300020090391002948BF4FF0FF3A049002E05A
:108B4000411C013408462178252907D0002900F06E
:108B5000E983504538BF0170F2E700BF02340021BD
:108B600014F8012CA2F12007102F00F26D801023C1
:108B7000DFE807F00A6A6A0C6A6A6A6A6A6A6A0E59
:108B80006A126A6A100000BF082305E0202303E090
:108B9000042301E0012300BF22781943A2F120073A
:108BA000102F00F28D801023DFE807F00A8A8A0C6C
:108BB0008A8A8A8A8A8A8A0E8A128A8A100000BF62
:108BC000082305E0202303E0042301E0012300BF84
:108BD00062781943A2F12007102F00F29980102328
:108BE000DFE807F00A96960C969696969696960E5D
:108BF00096129696100000BF082305E0202303E09C
:108C0000042301E0012300BFA2781943A2F1200749
:108C1000102F00F285801023DFE807F01082821207
:108C2000828282828282820E820A8282140000BF45
:108C30001943043494E700BF0423F9E70823F7E756
:108C40002023F5E70123F3E7A31E013CA2F130073F
:108C5000092F3AD80234002606EB860302EB4303C1
:108C600014F8012CA3F13006A2F13007092F5FD8C8
:108C700006EB860302EB43032278A3F13006A2F150
:108C80003007092F56D806EB860302EB43036278C0
:108C9000A3F13006A2F13007092F00F2A38006EB02
:108CA000860302EB4303A278A3F13006A2F130035E
:108CB0000A2B04F10404CFD3023C2E2A3CD018E046
:108CC000631EA2F13007092FC4D92A2A0CD15BF800
:108CD000046B9C1CB6F1FF3FDCBF764241F01001F3
:108CE00022782E2A28D004E022784FF0FF362E2A50
:108CF00022D04FF0FF3E42F004036C2B40F07E8008
:108D000014F801CFACF12505532D40F27E80E5E04B
:108D100023460134A2F13007092FD6D89AE700BFC5
:108D2000631C0234A2F13007092F93D9CDE700BFAD
:108D3000013C00BF2E2ADCD1234613F8012FA2F1FB
:108D40003007092F36D80234002300BF03EB83031A
:108D500002EB43032278303BA2F13007092F46D8BB
:108D600003EB830302EB43036278303BA2F130074D
:108D7000092F3BD803EB830302EB4303A278303B7C
:108D8000A2F13007092F00F22F8103EB830302EBDE
:108D90004303E278303BA2F130070A2F04F10404C8
:108DA000D4D3013C23EAE37E42F004036C2BA7D02A
:108DB00024E000BF2A2A0BD114F8022F5BF8043BF1
:108DC00023EAE37E42F004036C2B99D016E000BF47
:108DD0004FF0000E1C4642F004036C2B3FF490AFA2
:108DE0000CE000BF01342E2AA6D082E7013423EA2A
:108DF000E37E42F004036C2B3FF482AF94460022E2
:108E0000ACF12505532D00F269800A23DFE815F047
:108E10005400660066006600660066006600660034
:108E20006600660066006600660066006600660012
:108E30006600660066006600660066006600660002
:108E400066006600660066006600660066006600F2
:108E500066006600660066006600660066006600E2
:108E600066006600660066006600660066006600D2
:108E700066006600660078006600660066006600B0
:108E80006600660066006600660066008C005A0098
:108E900066006600660066005A00660066006600AE
:108EA00066006600A800AC0066006600BE006600B2
:108EB0007B00660066007A0050453CBF25210170AA
:108EC0003EE600BF41F002010A23682A1DD1BBF82B
:108ED00000208F0748BF12B21AE000BF504503D2EE
:108EE0002521017094F800C0BCF1000F00F10101D0
:108EF00000F08680514538BF81F800C0811C20E613
:108F000041F040011023682AE1D06C2ADBF80020F0
:108F10000BF1040BCFB25146CDE9006E0297FDF77D
:108F2000EDFD01460DE600BFC90667D4022EA6F18D
:108F30000103C0F28D8013F00307A6F1020200F0D6
:108F4000E780504538BF80F80090012F00F1010103
:108F500040F0EA801346032A80F010812AE100BF26
:108F60000823682AD1D1B2E7721CB2FA82F24FEA22
:108F7000521241EA020108BF08265BF8042BCFB267
:108F8000CDE9006E51461023C8E700BF5BF8048BA3
:108F90004AF6BB32B8F1000FC0F6000208BF904697
:108FA00086B3C6F1000C002218F802305BB30CEB5C
:108FB00002035D1C15D008EB02077D78002D00F040
:108FC000BF809D1C0DD0BD78002D00F0BB80033309
:108FD00007D0FB78002B00F0C78004321CEB0203A3
:108FE000E2D132460FE000BF023423EAE37E42F0D2
:108FF00004036C2B3FF484AE00E700BF0146DAE0C7
:10900000013C9EE5002272459446C8BFF446BEF17D
:10901000000FD8BF9446C9061FD46645A6F10102C9
:109020001ADDA6EB0C0111F0030775D0504538BFCF
:1090300080F80090012F00F1010140F08580B21E00
:109040006FEA0C003044032880F0FD8016E100BF79
:1090500001461E46AFE000BF1646BCF1010FC0F24C
:109060001481ACF10101032904D21CF0030234D1B4
:109070000CE100BF2CF00302002102E004318A421F
:1090800024D0471857453CBF18F801303B707B1C73
:1090900053450BD208EB01056D781D70BB1C534581
:1090A00007D3FB1C5345E9D20AE000BFBB1C534564
:1090B000F7D208EB0105AD781D70FB1C5345DDD2DE
:1090C00008EB0107FF781F70D8E700BF8844014410
:1090D00008461CF0030200F0D98050453CBF98F8C8
:1090E00000100170012A00F1010100F0CF8051450C
:1090F0003CBF98F801300B70022A00F1020100F029
:10910000C58051453CBF98F802200A70C11CBDE0E3
:109110000146032A32D24DE001466FEA0C0030448A
:10912000032880F09080A9E0514538BF81F8009075
:10913000022F00F1020119D1F31E032A1ED239E0D9
:10914000013260E702325EE7514538BF81F8009096
:10915000022F00F102016BD1F21E6FEA0C003044C5
:10916000032870D28AE000BF03324CE7514538BF74
:1091700081F80090C11C331F032A1BD3181D00BFA8
:10918000514501F1010238BF81F80090524538BFC6
:1091900082F800908A1C524538BF82F80090CA1CA1
:1091A0005245A0F1040038BF82F80090042801F174
:1091B0000401E5DC002651453CBFDBF800000870E7
:1091C000022E0BF1040B2FDB043100BFC81E5045EB
:1091D00038BF01F8039C032EA1F10200FFF4A1AEF9
:1091E0005045A6F1040038BF01F8029C10F1040FAD
:1091F000A1F1010276D85245A0F1010038BF01F873
:10920000019C10F1040F3FF69CAC5145A0F1010206
:1092100038BF81F80090043112F1030F00F101060C
:10922000D4D30339FFF78DBC0131FFF78ABC00BFEF
:10923000514538BF81F80090C11C321F6FEA0C0005
:10924000304403281AD3501C514501F1010238BFA4
:1092500081F80090524538BF82F800908A1C524530
:1092600038BF82F80090CA1C5245A0F1040038BFF4
:1092700082F80090844501F10401E5DBACF10106C0
:109280000846BCF1010FBFF6ECAE014666457FF71C
:1092900058ACA6EB0C0010F0030009D0514538BFC4
:1092A00081F80090012801F1010205D1701E13E040
:1092B00030460A4610E000BF524538BF82F80090A1
:1092C000022801F1020201D1B01E05E0524538BF6B
:1092D00082F80090F01ECA1C6FEA0C013144032989
:1092E000114603D21146FFF72CBC00BF514501F1D6
:1092F000010238BF81F80090524538BF82F80090D3
:109300008A1C524538BF82F80090CA1C5245A0F111
:10931000040038BF82F80090844501F10401E5DBC8
:10932000FFF70FBC0399049B002948BFD94331B113
:1093300001460022504528BFAAF101010A70C01A57
:1093400005B0BDE8F08F0000002070470020704796
:109350000020704700207047B0B5054608460C460F
:10936000F7F7DFF882B2284621464FF0FF33BDE819
:10937000B040FAF7DFB9000080B540F2986044F2DF
:109380000041C2F20000C4F2000100234FF00C0CB7
:109390004FF4E13280E80E00C0E90333C0E905C3B1
:1093A000C361FAF701F808B1FEE700BF002080BDF5
:1093B00080B5FEF7EDFD002080BD5FEA400C08BFE0
:1093C00091F0000F4FEA8C234FEAC12243EA51513A
:1093D0004FEA1C5018BF00F5F0404FEA300018BFAC
:1093E00041F000415FEA6C5C00F02980BCF1FF3F76
:1093F00008BF40F080407047130C06BF12044FF0C6
:10940000100C4FF0000C130E04BF12020CF1080CEC
:10941000130F04BF12010CF1040C930F04BF920050
:109420000CF1020CD30F04BF52000CF1010C1146D9
:109430004FF00002A0F11F00A0EB0C00704711F0EC
:10944000004F08BF704731F000413FF4D5AF0B0C1F
:1094500006BF09044FF0100C4FF0000C0B0E04BFB8
:1094600009020CF1080C0B0F04BF09010CF1040CEC
:109470008B0F04BF89000CF1020CCB0F04BF490015
:109480000CF1010CCCF1200322FA03F341EA0301B1
:1094900002FA0CF2A0EB0C0000F101007047000092
:1094A00023F07F4720F07F4C80EA030000F000406B
:1094B000ACEB070303F57C5303F1FF032DE980496F
:1094C00009B44FEA144324EA03484FEA154B25EA4E
:1094D0000B4E0FF2042606EB13273E7803FB0667BC
:1094E000C7F5000707FB06F64FEAD64606F1020667
:1094F0004FEA543707FB066CCCF1005C4FEA1C477F
:109500002CEA074C0CFB06F507FB06F404EB1546AA
:109510004FEA961649085FEA320234BF00204FF046
:1095200000404FEAD13706FB07FC4FEA1C4C0CFB0E
:109530000BF7D21B03FB0CF761EB07010CFB0EF7DB
:10954000B0EB074072EB17420CFB08F734BFA2EBFD
:109550000742B2EB074261EB17414FEA0C444FEA76
:10956000910706FB07FC4FEA1C4C0CFB0BF7B0EB1A
:10957000C74072EB573203FB0CF734BFA2EBC74274
:10958000B2EBC74261EB57310CFB0EF7B0EBC700F3
:1095900072EB57720CFB08F734BFA2EBC702B2EBB9
:1095A000C70261EB57714FEA816141EA92114FEABC
:1095B000826242EA90124FEA806004EBCC04039F7F
:1095C0004FEAD13706FB07FC4FEA1C4C0CFB0BF7AC
:1095D000D21B03FB0CF761EB07010CFB0EF7B0EBA2
:1095E000074072EB17420CFB08F734BFA2EB0742AF
:1095F000B2EB074261EB17414FEA8C5504EB9C2418
:109600004FEA910706FB07FC4FEA1C4C0CFB0BF7DB
:10961000B0EBC74072EB573203FB0CF734BFA2EB41
:10962000C742B2EBC74261EB57310CFB0EF7B0EB10
:10963000C70072EB57720CFB08F734BFA2EBC702EE
:10964000B2EBC70261EB57714FEA816141EA9211B7
:109650004FEA826242EA90124FEA806015EB4C2595
:1096600044F100044FEAD13706FB07FC4FEA1C4CDB
:109670000CFB0BF7D21B03FB0CF761EB07010CFB98
:109680000EF7B0EB074072EB17420CFB08F734BF44
:10969000A2EB0742B2EB074261EB17414FEA81317F
:1096A00041EA92414FEA823242EA90424FEA8030E8
:1096B0004FEA0C7615EB1C1544F1000448EA03430D
:1096C0004EEA0B484FF0000EB2EB080C71EB0307AB
:1096D00024BF624639464EEB0E0E4FF0000B0018C9
:1096E000524149414BEB0B0BB2EB080C71EB0307FA
:1096F0007BF1000B24BF624639464EEB0E0E4FF055
:10970000000B0018524149414BEB0B0BB2EB080C1C
:1097100071EB03077BF1000B24BF624639464EEB29
:109720000E0E51EA020718BF46F0010616EB0E7640
:1097300055F1000254F1000103D5BDE88901BDE8EF
:109740000088BDE88901BDE80048B619524141EBE7
:109750000101A3F10103704780807F7E7D7C7B7ACD
:109760007978777676757473727171706F6E6E6DCD
:109770006C6C6B6A6A696868676666656464636373
:1097800062616160605F5F5E5E5D5D5C5C5B5B5AF9
:109790005A59595858575756565555555454535366
:1097A00052525251515050504F4F4F4E4E4D4D4DC1
:1097B0004C4C4C4B4B4B4A4A4A494949484848470C
:1097C000474747464646454545444444444343434A
:1097D00043424242424141419C46002B30D47700F3
:1097E0002BD04FEA37071CB503B44FF010004FF0F1
:1097F0001001BAF1000F06D0BCF1000FDCBF40F041
:10980000080040F008014FF000000FBCBDE8104018
:109810000BF1010BBBF1010F08BF5FEA170722BF75
:1098200012F1010211F101014FF0004143F1000377
:1098300000F0004043EA00007047F9D35708D0E732
:1098400046EA06464FEA164613F1400F1FDD13F1B4
:10985000200FDFBF16430A46002120335B42BED0F3
:10986000C3F1200746EA06464FEA164602FA07F712
:1098700046EA070622FA03F2C3F1200701FA07F7C6
:1098800042EA070221FA03F14FF00003A7E746EA94
:10989000020646EA06464FEA164646EA0106BCBFFD
:1098A00046EA0646360C4FF000034FF000024FF038
:1098B000000194E72DE9804C70B49A46934691E8F4
:1098C000380007C831EA400C48BF34EA430C03D5DE
:1098D000FFF7E6FDFFF780FFF0BCBDE8008C2DE947
:1098E000804C70B49A46934691E8380007C810F04F
:1098F000804F08BF13F0804F03D100F005F8FFF749
:109900006BFFF0BCBDE8008C20F07F4723F07F4C5C
:1099100080EA030000F0004007EB0C03A3F57C5342
:10992000A3F1FE0392F0000F00F0B38095F0000F5A
:1099300000F077802DE901494FEA114021EA004803
:109940004FEA144624EA064700FB06FC08FB06F62D
:1099500007FB08F818EB06484CEB164C00FB07F722
:1099600018EB07484CEB17404FEA124B22EA0B4E1C
:109970004FEA154625EA06470BFB06FC0EFB06F6EA
:1099800007FB0EFE1EEB064E4CEB164C0BFB07F7CF
:109990001EEB074E4CEB174B18EB0B0840F1000089
:1099A00018EB0E0B58EB000840F100008F1A4FF037
:1099B00000014FF000063CBFC943661B14BFB5EB66
:1099C000040C00213CBFC943F61B4FEA174427EAA9
:1099D00004454FEA1C472CEA074C04FB076205FBD1
:1099E00007F70CFB05F616EB074642EB174204FBA4
:1099F0000CFC16EB0C4642EB1C421BEB060658EB2C
:109A0000020241414EEA8E0E46EA9E0601D5BDE8AD
:109A10000189B619524141EB0101A3F10103BDE8EF
:109A200001894FEA144524EA05464FEA114721EA25
:109A3000074C05FB07F406FB07F70CFB06F111EBDF
:109A4000074144EB174405FB0CFC11EB0C4144EBC4
:109A50001C444FEA124722EA074C05FB07F206FBBB
:109A600007F70CFB06F616EB074642EB174205FB21
:109A70000CFC16EB0C4642EB1C456A1854F1000135
:109A800048BF7047B619524141EB0101A3F10103F0
:109A9000704795F0000F37D04FEA114221EA024695
:109AA0004FEA144724EA074C02FB07F106FB07F7CD
:109AB0000CFB06F414EB074441EB174102FB0CFCD2
:109AC00014EB0C4441EB1C414FEA154725EA074CC7
:109AD00002FB07F506FB07F70CFB06F616EB07463D
:109AE00045EB174502FB0CFC16EB0C4645EB1C4204
:109AF000121951F1000148BF7047B619524141EBAC
:109B00000101A3F1010370474FEA144524EA054619
:109B10004FEA114721EA074C05FB07F106FB07F75F
:109B20000CFB06F212EB074241EB174105FB0CFC64
:109B300012EB0C4251EB1C414FF0000648BF70473E
:109B4000921841EB0101A3F101037047490050EA6B
:109B5000C12018BF04204A0D18BF40F0010040F298
:109B6000FF72B2EB515F08BF40F00200012808BF4E
:109B70000520704730380A2801D2012070470020A4
:109B80007047000010B500290AD00878002807D0D7
:109B900005487844F7F778F9002801D0002010BD77
:109BA0000248784410BD00000E14000006140000A6
:109BB00021F0004201F00043A2F16052B2F5801F93
:109BC00028BFD2F17F6C0BD95FEA001C43EAC202C6
:109BD00042EB507018BF704728BF20F0010070475B
:109BE000B2F5801FBCBF184670474FEA410C1CF508
:109BF000001F02D2084600F0AEB970B500F0CAF8F6
:109C000000000089FFF7F6BF4FF00040A0F580008C
:109C1000704710F0004248BF4042B0FA80F310FA9B
:109C200003F10AD0C3F11D0303F5806302EB035275
:109C30004FEA415002EBD12170474FF000007047CE
:109C400070B5DFF848C11CEA111E1EBF1CEA1315CF
:109C50009EEA0C0F95EA0C0F00F06F8081EA030476
:109C60004EEAD47EAE4421EA4C1123EA4C1341F46F
:109C7000801143F48013AEF17F7EA1FB024CA0FB68
:109C80000365361955EB0C05A1FB034C4CF10003A1
:109C9000A0FB021C16EB0C06654153F100030942C0
:109CA00018BF46F0010613F4007F0BD14FEA0331D1
:109CB0004FEA053041EA155140EA165034036FF07F
:109CC00003020AE04FEAC3214FEAC52041EA555199
:109CD00040EA5650F4026FF0020202EB2E4201EB12
:109CE000025585EACE710AD05FEA440C18BF24F011
:109CF000004450F1000041F1000120EAD47040F22C
:109D0000FE7C624500D270BDA84214BF4FF0804473
:109D10004FF04044002E08BF0024BEF1806FA8BF62
:109D2000A1F1C041BDE8704080F2828001F1C041E4
:109D300001F000414FF0000070470CEA13159EEA55
:109D40000C0F18BF95EA0C0F06D081EA030E4FF0F6
:109D500000000EF0004170BD00F01CF88900013ECB
:109D600000F007B800F009B84FEA430C5FEA5C5C0A
:109D700008D081EA030100F05BB84FEA410C5FEACA
:109D80005C5CF6D102494FF0000070470000FF070D
:109D90000000F87F0EF1020E2EF0030E5EF8046B49
:109DA000364205D4012A43EB030515F5001F12D8EE
:109DB000012841EB010C1CF5001F0CD80ED14FEA15
:109DC000D17C0CEB4C0C0CF1020C15F5001F08BFFC
:109DD0004CEBD37C04E04FF0080C01E04FEAD37C5D
:109DE0000CEB4C0526FA05F606F00706B6F1040C56
:109DF00006D20EEB860CBDE870404CF0010C6047BB
:109E0000DFE80CF0090B02024FF00041A1F5002140
:109E10004FF0000070BD19461046012851EB0104B7
:109E200018BFD4F5001484BF002001F0004170BDBC
:109E30000808A0F500114FEA3101704743004FEACE
:109E4000D30C4FEA3C0C43401FBF40070CF160515C
:109E500013F0FE4F70471CF0006F03D10CF000416F
:109E6000002070470CF0004343EA507040EACC00F9
:109E700010B500F02AF800BF000000924FEA000180
:109E8000FFF7D6BF4FF00041A1F500214FF00000D1
:109E90007047000041000B0ED3F19E0208D950F428
:109EA00000034FEA032323FA02F048BF4042704701
:109EB00010B500F00AF800BF4992248000207047D6
:109EC0006FF0004282EA200070470EF1020E2EF081
:109ED000030E5EF8044B244204D44FEA4102B2F16F
:109EE0007F4F11D84FEA4003B3F17F4F0CD80ED10A
:109EF0004FEAD07C0CEB4C0C0CF1020CB2F17F4F12
:109F000008BF4CEBD17C04E04FF0080C01E04FEAB5
:109F1000D17C0CEB4C0324FA03F404F00704B4F1F5
:109F2000040C06D20EEB840CBDE810404CF0010C82
:109F30006047DFE80CF0070802024FF00040A0F590
:109F4000800010BD0846420018BFD2F1807288BF61
:109F500000F0004010BDFF2141EAD050C00570471D
:109F6000F6F7F9BC02400000000000A0000000006D
:109F700005400000000000C8000000000C40000088
:109F80000000409C00000000194000000020BCBE02
:109F90000000000034400000BFC91B8E0000000418
:109FA000B5400000504BCFD06607E2CF0100000063
:109FB0006C4100003E8251AADFEEA7340100000090
:109FC000D9420000DCB5A0E23A301F97FFFFFFFF47
:109FD000B4450000FD25A0C8E9A3C14FFFFFFFFF66
:109FE000FF3F00000000008000000000FF3F000075
:109FF00000000080000000000000000000000000E1
:10A00000010203040607080900000000010203041E
:10A010000000000000000000002F0000000007000A
:10A02000070000147F147F1400242A7F2A12006284
:10A030006408132300364955225000000503000030
:10A0400000001C224100000041221C000014083EB8
:10A0500008140008083E0808000000A0600000087E
:10A0600008080808000060600000002010080402D2
:10A07000003E5149453E0000427F40000042615190
:10A080004946002141454B31001814127F1000272A
:10A0900045454539003C4A494930000171090503ED
:10A0A00000364949493600064949291E000036361E
:10A0B0000000000056360000000814224100001481
:10A0C000141414140000412214080002015109065E
:10A0D00000324959513E007C1211127C007F4949DF
:10A0E0004936003E41414122007F4141221C007F10
:10A0F00049494941007F09090901003E4149497A1E
:10A10000007F0808087F0000417F41000020404197
:10A110003F01007F08142241007F40404040007F03
:10A12000020C027F007F0408107F003E4141413E47
:10A13000007F09090906003E4151215E007F09198F
:10A1400029460046494949310001017F0101003F8C
:10A150004040403F001F2040201F003F4038403F0C
:10A160000063140814630007087008070061514970
:10A17000454300007F41410000552A552A55000003
:10A1800041417F0000040201020400404040404081
:10A19000000001020400002054545478007F484419
:10A1A000443800384444442000384444487F003850
:10A1B0005454541800087E0901020018A4A4A47C79
:10A1C000007F080404780000447D40000040808443
:10A1D0007D00007F102844000000417F4000007C8B
:10A1E00004180478007C0804047800384444443897
:10A1F00000FC242424180018242418FC007C0804E3
:10A20000040800485454542000043F444020003CBB
:10A210004040207C001C2040201C003C4030403C42
:10A22000004428102844001CA0A0A07C00446454D2
:10A230004C44141414141414000000000000000016
:10A240000000000000000000000000F80000000016
:10A25000000000333000000000100C06100C060057
:10A26000000000000000000040C07840C0784000BE
:10A27000043F04043F040400007088FC0830000020
:10A28000001820FF211E0000F008F000E018000078
:10A2900000211C031E211E0000F008887000000031
:10A2A0001E2123241927211010160E000000000083
:10A2B0000000000000000000000000E018040200A0
:10A2C000000000071820400000020418E000000011
:10A2D0000040201807000000404080F0804040000F
:10A2E0000202010F01020200000000F00000000065
:10A2F0000101011F01010100000000000000000039
:10A3000080B07000000000000000000000000000AD
:10A310000001010101010101000000000000000036
:10A3200000303000000000000000000080601804D1
:10A33000006018060100000000E010080810E000AE
:10A34000000F102020100F00001010F80000000077
:10A350000020203F202000000070080808887000BE
:10A36000003028242221300000300888884830003E
:10A370000018202020110E000000C02010F800005E
:10A3800000070424243F240000F8088888080800F7
:10A390000019212020110E0000E01088881800000C
:10A3A000000F112020110E0000380808C8380800DE
:10A3B0000000003F0000000000708808088870005E
:10A3C000001C222121221C0000E010080810E000DF
:10A3D0000000312222110F00000000C0C000000068
:10A3E000000000303000000000000080000000008D
:10A3F0000000806000000000000080402010080085
:10A40000000102040810200040404040404040004D
:10A410000404040404040400000810204080000028
:10A420000020100804020100007048080808F0002D
:10A430000000003036010000C030C828E810E000FD
:10A440000718272423140B000000C038E000000088
:10A45000203C23020227382008F8888888700000F2
:10A46000203F202020110E00C030080808083800C6
:10A47000071820202010080008F808080810E0003D
:10A48000203F202020100F0008F88888E8081000DE
:10A49000203F20202320180008F88888E8081000B2
:10A4A000203F200003000000C030080808380000EA
:10A4B00007182020221E020008F808000008F808EB
:10A4C000203F210101213F20000808F80808000072
:10A4D0000020203F2020000000000808F8080800A5
:10A4E000C08080807F00000008F888C0281808001D
:10A4F000203F20012638200008F808000000000056
:10A50000203F20202020300008F8F800F8F808004C
:10A51000203F003F003F200008F830C00008F80846
:10A52000203F200007183F00E01008080810E00056
:10A530000F10202020100F0008F808080808F0006D
:10A54000203F210101010000E01008080810E00090
:10A550000F18242438504F0008F888888888700025
:10A56000203F2000030C30200070880808083800C5
:10A570000038202121221C00180808F808081800BB
:10A580000000203F2000000008F808000008F8083C
:10A59000001F202020201F000878880000C83808ED
:10A5A000000007380E010000F80800F80008F80065
:10A5B000033C0700073C03000818688080681808FF
:10A5C00020302C03032C30200838C800C83808007D
:10A5D0000000203F2000000010080808C8380800CC
:10A5E0002038262120201800000000FE0202020070
:10A5F0000000007F40404000000C30C00000000020
:10A60000000000010638C00000020202FE00000047
:10A61000004040407F0000000000040202020400ED
:10A62000000000000000000000000000000000002A
:10A630008080808080808080000202040000000012
:10A64000000000000000000000008080808000000A
:10A650000019242222223F2008F8008080000000F8
:10A66000003F112020110E000000008080800000BB
:10A67000000E112020201100000000808088F800CA
:10A68000000E112020103F200000808080800000FC
:10A69000001F222222221300008080F08888881860
:10A6A0000020203F2020000000008080808080006B
:10A6B000006B94949493600008F800808080000000
:10A6C000203F210000203F200080989800000000DB
:10A6D0000020203F2020000000000080989800000B
:10A6E00000C08080807F000008F80000808080002B
:10A6F000203F24022D302000000808F80000000050
:10A700000020203F2020000080808080808080000A
:10A71000203F20003F20003F80800080808000009C
:10A72000203F210000203F2000008080808000002A
:10A73000001F202020201F0080800080800000005B
:10A7400080FFA12020110E0000000080808080008A
:10A75000000E112020A0FF8080808000808080007B
:10A7600020203F21200001000000808080808000A8
:10A770000033242424241900008080E0808000001D
:10A780000000001F2020000080800000008080006A
:10A79000001F202020103F208080800000808080CB
:10A7A00000010E300806010080800080008080805B
:10A7B0000F300C030C300F00008080008080800080
:10A7C0000020312E0E3120008080800000808080AB
:10A7D00080818E701806010000808080808080005B
:10A7E0000021302C2221300000000000807C020279
:10A7F00000000000003F404000000000FF0000009B
:10A8000000000000FF0000000002027C8000000049
:10A810000040403F00000000000601010202040465
:10A820000000000000000000010200000100020022
:10A830000100030001000200010004000100020009
:10A8400001000300010002000100050001000200F8
:10A8500001000300010002000100040001000200E9
:10A8600001000300010002000100060001000200D7
:10A8700001000300010002000100040001000200C9
:10A8800001000300010002000100050001000200B8
:10A8900001000300010002000100040001000200A9
:10A8A0000100030001000200010007000100020096
:10A8B0000100030001000200010004000100020089
:10A8C0000100030001000200010005000100020078
:10A8D0000100030001000200010004000100020069
:10A8E0000100030001000200010006000100020057
:10A8F0000100030001000200010004000100020049
:10A900000100030001000200010005000100020037
:10A910000100030001000200010004000100020028
:10A920000100030001000200010002030405060704
:10A9300008090A0B0C0D0E0F10106C6973745F6D13
:10A94000656D006C697374206D656D6F727920752B
:10A950007361676520696E666F726D6174696F6E91
:10A960000068656C6C6F007361792068656C6C6F52
:10A9700020776F726C640076657273696F6E007316
:10A98000686F772052542D54687265616420766533
:10A990007273696F6E20696E666F726D6174696F34
:10A9A0006E005F5F636D645F76657273696F6E00E2
:10A9B00073686F772052542D5468726561642076F5
:10A9C000657273696F6E20696E666F726D6174690E
:10A9D0006F6E006C6973745F746872656164006C9B
:10A9E00069737420746872656164005F5F636D648D
:10A9F0005F6C6973745F746872656164006C69731D
:10AA00007420746872656164006C6973745F736547
:10AA10006D006C6973742073656D6170686F726529
:10AA200020696E2073797374656D005F5F636D6478
:10AA30005F6C6973745F73656D006C697374207308
:10AA4000656D6170686F726520696E2073797374CB
:10AA5000656D006C6973745F74696D6572006C6913
:10AA600073742074696D657220696E2073797374D4
:10AA7000656D005F5F636D645F6C6973745F7469BB
:10AA80006D6572006C6973742074696D65722069FC
:10AA90006E2073797374656D006C697374006C69F2
:10AAA000737420616C6C2073796D626F6C20696EB9
:10AAB0002073797374656D005F5F636D645F6865B3
:10AAC0006C700052542D546872656164207368651F
:10AAD0006C6C2068656C702E005F5F636D645F70E6
:10AAE00073004C69737420746872656164732069C3
:10AAF0006E207468652073797374656D2E005F5FD6
:10AB0000636D645F667265650053686F7720746873
:10AB100065206D656D6F7279207573616765206959
:10AB20006E207468652073797374656D2E0064619E
:10AB3000746120746F6F206C6F6E67210A0064610E
:10AB40007461206572726F72210A00257320746827
:10AB500072656164206973206E6F74207374617212
:10AB60007465640A002573207468726561642069E5
:10AB70007320616C726561647920737461727465AD
:10AB8000640A00252E3166006F6C65645F74617322
:10AB90006B00646174615F636F6E74726F6C6C657F
:10ABA000725F7461736B0074757262696469747941
:10ABB0005F7461736B006D61696E00284E554C4C7B
:10ABC000290068617264206661756C74206F6E2064
:10ABD00068616E646C65720D0A0D0A0068617264CA
:10ABE000206661756C74206F6E2074687265616494
:10ABF0003A2025730D0A0D0A006D656D206D616E9A
:10AC0000616765206661756C743A0A0075736167E7
:10AC100065206661756C743A0A006275732066611E
:10AC2000756C743A0A005343422D3E424641523AF3
:10AC3000253038580A005343422D3E4D4D41523A7B
:10AC4000253038580A006661696C65642076656352
:10AC5000746F722066657463680A00646562756764
:10AC6000206576656E740A007230303A203078259F
:10AC70003038780A007230313A2030782530387810
:10AC80000A007230323A203078253038780A007263
:10AC900030333A203078253038780A007230343A30
:10ACA000203078253038780A007073723A20307876
:10ACB000253038780A00494E5650432000554E4101
:10ACC0004C49474E45442000494E56535441544543
:10ACD00020004441434356494F4C200049414343DF
:10ACE00056494F4C200044495642595A45524F202C
:10ACF000004E4F435020004D53544B4552522000BC
:10AD00004D554E53544B4552522000494D505245DB
:10AD1000434953455252200049425553455252200F
:10AD200000554E444546494E535452200053434229
:10AD30005F434653525F424653523A307825303291
:10AD40005820005343425F434653525F4D4653528F
:10AD50003A30782530325820005343425F434653FF
:10AD6000525F554653523A307825303258200052BF
:10AD700065736574207369676E616C2073656E74AA
:10AD80002E2057616974696E6720666F7220726544
:10AD900073706F6E73652E2E2E0A0053656E646994
:10ADA0006E67207265736574207369676E616C20CD
:10ADB000746F20445331384232302E0A00445331EC
:10ADC000384232302073657420746F20696E70755C
:10ADD00074206D6F64652E0A00445331384232305E
:10ADE0002073657420746F206F7574707574206D96
:10ADF0006F64652E0A0064656163746976617465C9
:10AE0000640A00252D2A2E73207072692020737425
:10AE10006174757320202020202073702020202052
:10AE200020737461636B2073697A65206D6178208B
:10AE300075736564206C656674207469636B20208B
:10AE40006572726F720A0020696E6974202020009A
:10AE500020636C6F73652020002072656164792027
:10AE60002000252D2A2E2A7320307825303878208E
:10AE700030782530387820002D0020737573706588
:10AE80006E64002072756E6E696E670052542D54A8
:10AE90006872656164207368656C6C20636F6D6DAA
:10AEA000616E64733A0A00252D313673202D2025FA
:10AEB000730A005F5F636D645F0008002563000034
:10AEC000559300084D9300087993000849930008B2
:10AED00011500008519300083AA9000843A900083E
:10AEE000D556000861A9000867A900082D5600087A
:10AEF00077A900087FA90008B1930008A2A900085B
:10AF0000B0A90008B1930008D3A90008DFA9000880
:10AF1000AD590008EBA90008FDA90008AD590008CB
:10AF200009AA000812AA0008455700082BAA000821
:10AF30003AAA00084557000853AA00085EAA00086C
:10AF4000215C000873AA000884AA0008215C00089C
:10AF500099AA00089EAA00084D560008B8AA000841
:10AF6000C3AA0008AD680008D9AA0008E2AA000830
:10AF70006D4E0008FEAA000809AB0008614E0008EB
:10AF8000C0AF00080000002078050000280100087C
:10AF900050B2000878050020E04900008401000854
:10AFA0001C00000043000000F8FFFFFF0C00000041
:10AFB0000E0000000F0000002E0000000000000046
:10AFC0003201321012AE100C1040B081FFA1A6A8C1
:10AFD0003FC8D3001B13D580D805D9F1DA12D83079
:10AFE0008D14AF4020F028242724E424342C20E0C2
:10AFF0001D40404F490149050311404000101120F8
:10B0000020FF2020FC44545455FE5454F44417109F
:10B01000301F88681F000812FD4545474545FD0063
:10B0200010118088A8A8A9AAE8B8A8AAA9A8A888E1
:10B03000803708088444221D0711FD020404080813
:10B0400000101102C23E2222E204E4A4A4BFA4A480
:10B05000E404280A824121120C43407F4A010A106D
:10B060007FC021000C1422322AA6A262211109817C
:10B0700001000E124222130B42827E02020A1223A8
:10B0800046162030AC6330080A1088C8A8998E880C
:10B09000A8C8885E2009672212128040300F0D1167
:10B0A0003F404071E01589EA18881D0404FC04043F
:10B0B0000112130201000C12FF0186402018074004
:10B0C00080403F171010F01F10F000091140E058A9
:10B0D00047405060C0274022150816211BFE420140
:10B0E0000213FE358060F8070712FF4020100804A5
:10B0F0001A011B111C040201BD19010213781BF077
:10B1000010012AFF050215F01A0FD92B04FF0502C2
:10B11000130F1D1060028C9E2A920109129F180ABB
:10B1200004047E01407E42427E020C12427E404078
:10B13000080D110CC0082622E23AA222222A06405B
:10B14000137C03080B141010131212FF12121210AA
:10B15000801EF8080808FF040A14F880000C132069
:10B16000632121213F21212933602809FC24242443
:10B17000FC2526240802110400101440308F80841E
:10B180004C55252525554C8080801BFE42011AC256
:10B190000402137E458040300F0E11030C10204036
:10B1A000406A10013AFF0601141B0106870316804E
:10B1B0007F15404042CC08091004F49494FF949405
:10B1C000F4BF1921000E13201F20484442415F4163
:10B1D0004244484013127A693872147224723472ED
:10B1E000447254726429385A0238290829382908C7
:10B1F0002938290829382908293829082938290807
:10B2000029382904293829082938290829382908FA
:10B210002938290829382908293869345A0638294B
:10B2200008293829082938290829382908293829D6
:10B2300008293829083201134C052A20045A788439
:10B240001A5C0C29043220320A1A6C0C2904322CA4
:04000005080000ED02
:00000001FF
